cohort	tier	threshold_low	threshold_high	n	pct	mean_predicted_prob	empirical_escape_rate
TOPMed (OOF, reference)	High-confidence sensitive		0.2	823	14.315533136197601	0.15197511824039267	0.1421628189550425
TOPMed (OOF, reference)	Probable sensitive	0.2	0.35	1651	28.718037919638196	0.2737461280697577	0.274984857662023
TOPMed (OOF, reference)	Uncertain	0.35	0.65	1770	30.787963124021566	0.4708536240066075	0.47909604519774013
TOPMed (OOF, reference)	Probable escape	0.65	0.8	825	14.3503217950948	0.7375973629410195	0.7709090909090909
TOPMed (OOF, reference)	High-confidence escape	0.8		680	11.828144025047834	0.8424051813131422	0.8279411764705882
TOPMed (OOF, reference)	TOTAL			5749	100.0	0.4508252986547202	0.45538354496434164
gnomAD	High-confidence sensitive		0.2	21493	15.590793358335088	0.15167400323852082	
gnomAD	Probable sensitive	0.2	0.35	40056	29.056195913156387	0.27258232124006937	
gnomAD	Uncertain	0.35	0.65	42695	30.970498415024267	0.47430789472366996	
gnomAD	Probable escape	0.65	0.8	19475	14.126957644515695	0.7343182458204851	
gnomAD	High-confidence escape	0.8		14138	10.25555466896857	0.8423211542421555	
gnomAD	TOTAL			137857	100.0	0.4398662867497071	
ClinVar	High-confidence sensitive		0.2	5082	16.86802973977695	0.14988164190839534	
ClinVar	Probable sensitive	0.2	0.35	9912	32.899628252788105	0.2734097898208497	
ClinVar	Uncertain	0.35	0.65	9938	32.98592671269251	0.4695781219583082	
ClinVar	Probable escape	0.65	0.8	2948	9.784917684545938	0.7268553600039501	
ClinVar	High-confidence escape	0.8		2248	7.461497610196495	0.8444467701534142	
ClinVar	TOTAL			30128	100.0	0.40425815379384344	
GREGoR	High-confidence sensitive		0.2	363	14.246467817896388	0.1484499124076616	
GREGoR	Probable sensitive	0.2	0.35	669	26.255886970172686	0.27174820722152604	
GREGoR	Uncertain	0.35	0.65	745	29.23861852433281	0.486574482215483	
GREGoR	Probable escape	0.65	0.8	427	16.758241758241756	0.7342716166125267	
GREGoR	High-confidence escape	0.8		344	13.500784929356357	0.8483189173995886	
GREGoR	TOTAL			2548	100.0	0.47234715304738	
