feature,mean_abs_shap
last.EJC,0.5056502383633141
relativePTClocation,0.1908558216560681
half_life_PC1,0.15953244043795092
cdsseqs_AU_content,0.12527027720243672
mut.exon,0.07367988717954425
phylop_ptc_to_ejc_median,0.0637746735491931
AmountExonsAfter,0.06283977849111078
phastcons_new3utr_first200_median,0.05597780871437736
cdsseqs_UC_content,0.049318810175991816
MedianExpression_log2,0.047104909631671465
cdsseq_AUcontentlast200,0.043065540392643605
first.200,0.041627469253775334
CADD_phred,0.038871152399951946
threeUTR_UC_content,0.03232574869247837
log2_CDS,0.032084599100502126
phylop_new3utr_first200_median,0.03135225416675684
first.100,0.02751688576560756
isoform_count,0.02677299191822896
gnomAD_exome_ALL,0.025441671949393712
readthrough_score_hek293t,0.020309454798175613
fiveUTR_AU_content,0.019761691688152526
ejc_count_in_window,0.01810467813579671
length.mutated.exon,0.018070734332422157
phastcons_ejc_100bp_median,0.0169625835459499
utr3_all.SRSF7,0.016408641491758122
ptc_to_ejc.SFPQ,0.016217206495248406
threeUTR_AU_content,0.01609823472391321
PTC.plus1.aa,0.01588142313636119
fiveUTR_AUcontentlast100,0.015879285899092075
newutr_all.G3BP1,0.015526600953024541
fiveUTR_AUcontentfirst100,0.014826256065893292
phastcons_ptc_to_ejc_median,0.014437732629721301
phylop_ejc_100bp_median,0.014253987930578171
CodonOptimalityFraction_CDS,0.013975779897265898
phastcons_utr5_first200_median,0.013329852240824605
aug_distance_category,0.013305696098667434
phylop_old3utr_whole_median,0.013008178406993144
noncoding.length,0.012507998144872419
newutr_200.IFIH1,0.012433258643184411
CodonOptimalityFraction_PTCpm100nt,0.012141299911552756
cdsseq_UCcontentlast200,0.012085526294150451
ThreeUTR_AUcontentlast100,0.011725623132167094
relPTC_exon,0.011077830730830468
EJC.downstream.cut,0.010016301209491886
phylop_utr5_first200_median,0.009997011246656516
phastcons_tx_whole_median,0.009825954343290755
aug_frame_status,0.009637282304721252
ptc_pm100.SRSF6,0.009518627462552172
phylop_new3utr_whole_median,0.009465248849120969
fiveUTR_UCcontentfirst100,0.009346926979736004
cdsseq_UCcontentfirst200,0.009328125997794184
ThreeUTR_UCcontentfirst100,0.009080166489113266
newutr_all.ZC3H10,0.009054551871848612
log2_5utr,0.009041207082291657
PTC_dist_exon_start_1b,0.009005597292059304
utr3_all.NELFE,0.009004429996953056
fiveUTR_UC_content,0.008799647811796893
ptc_pm100.TIA1,0.00851778535967763
phastcons_ptc_100bp_median,0.008496230120363327
cdsseq_UCcontentfirst100,0.008430201145957616
phastcons_new3utr_whole_median,0.00837743744341057
ptc_pm100.HNRNPH2,0.008301657709862935
fiveUTR_UCcontentlast100,0.008296098409578236
cdsseq_UCcontentlast100,0.007351526742950068
ThreeUTR_UCcontentlast100,0.007184673717306983
ptc_pm100.SRSF3,0.007169243762440883
log2newUTR,0.007056976546769107
PTC.plus2.aa,0.007047873855917393
phylop_ptc_100bp_median,0.007002670378300774
cdsseq_AUcontentfirst200,0.006900620693919616
cdsseq_AUcontentlast100,0.006839094461552983
log2_3utr,0.006771816150305079
phastcons_old3utr_whole_median,0.006760888304001068
newutr_all.SRP14,0.006588319177378841
phylop_old3utr_first200_median,0.006459591182667096
ThreeUTR_AUcontentfirst100,0.006411787484706757
ptc_pm100.NELFE,0.006348477801321213
ptc_to_ejc.HNRNPH1,0.005953343505251334
cdsseq_AUcontentfirst100,0.005649668539917592
ejc_pm100.FMR1,0.005537376026609649
utr3_200.RBMX,0.005520214814540206
PTC.minus1.aa,0.005442452990631595
ejc_pm100.PTBP1,0.005342916313893338
ptc_pm100.TRA2B,0.005318420475964551
newutr_all.ELAVL2,0.00525071638641653
phylop_tx_whole_median,0.005115187952968494
utr3_200.CSTF2,0.005017253039226681
ptc_to_ejc.SRSF1,0.00500857618123678
newutr_200.HNRNPA2B1,0.004872417250580024
ptc_to_ejc.SRSF3,0.004836601646160212
newutr_200.SRSF3,0.004719098728182315
newutr_all.AGO1,0.004649655997029222
newutr_all.PABPC5,0.004617564913442579
utr3_200.SFPQ,0.00460062619414635
ptc_pm100.ZC3H10,0.0045577413805458706
long.exon,0.004531703588250515
utr3_200.HNRNPF,0.004311537022131531
ptc_to_ejc.PTBP1,0.004289292793259832
fiveutrseqs.uORF,0.004129894529135802
newutr_200.CELF1,0.004089687329477152
phastcons_utr5_whole_median,0.004058835903062576
kozak_strength,0.004048006511432742
ejc_pm100.SRSF3,0.003936099038295274
has_plus1_aug,0.0038807077521264026
ejc_pm100.CELF1,0.0037243574895619125
newutr_all.RBMY1A1,0.003626063494006466
ptc_pm100.TARDBP,0.0036133021163421097
newutr_200.SF1,0.003612846373821326
utr3_200.SRSF7,0.003472589515554833
ptc_to_ejc.HNRNPH2,0.0034577942345054035
newutr_all.SNRPB2,0.0033434281609801934
newutr_all.RBM4,0.0033001688015516202
newutr_all.RBMX,0.003279922076447599
newutr_200.PTBP1,0.0032623216584013463
newutr_200.SFPQ,0.0032204991064897185
newutr_all.SAMD4A,0.0032084651648882365
newutr_all.MSI1,0.0031813418667336643
ptc_pm100.HNRNPF,0.0031714896071170975
ejc_pm100.SRSF7,0.0031619432921346194
utr3_all.RBMX,0.003139452901005634
newutr_all.TIAL1,0.0031169941190562155
newutr_all.QKI,0.0030926635738653214
utr3_200.SRSF2,0.003028903443128996
utr3_all.CELF6,0.0030051384567798332
newutr_all.PABPC3,0.0029562895435147145
ptc_to_ejc.ZFP36,0.0029438025182080382
utr3_all.SRSF9,0.0029077852089774855
ptc_pm100.SNRPA,0.0027880149826868365
newutr_all.HNRNPDL,0.002782011718282732
newutr_all.IFIH1,0.002781726877593459
ptc_to_ejc.SF1,0.0027615077686579032
utr3_200.HNRNPH3,0.0027590049825898413
utr3_all.TRA2B,0.0027571400945255995
threeutrseqs.uORF,0.002673506898253339
utr3_all.HNRNPDL,0.002671876057227532
utr3_all.TRA2A,0.0026597437314347964
phastcons_old3utr_first200_median,0.0026439813972984954
newutr_all.LIN28A,0.0026384438157652738
utr3_200.SRSF6,0.002630993455678575
newutr_all.ESRP2,0.0025766126815602655
ptc_pm100.NOVA2,0.002541846740800995
ejc_pm100.PUM1,0.0025382039111326274
utr3_all.SRSF5,0.0025290206528777942
newutr_all.HNRNPM,0.0025290091057362436
ptc_pm100.SRSF7,0.002512590366770861
newutr_all.G3BP2,0.002504076843118301
minus1_is_G,0.0024229236441030673
utr3_200.RBM5,0.0024170234114812288
ptc_pm100.HNRNPA1,0.0023882071359707284
PTC.minus2.aa,0.002360680810564867
utr3_200.PABPC5,0.0023439962322958953
ptc_pm100.SFPQ,0.002343506779610853
ejc_pm100.SFPQ,0.0023178110880551768
newutr_200.HNRNPM,0.0023149434050835703
ptc_pm100.SRSF5,0.0023083759211325115
newutr_all.RBM24,0.0022937398543536962
ptc_pm100.LIN28A,0.002279745010619265
utr3_all.HNRNPAB,0.0022694524022772596
ptc_to_ejc.MBNL1,0.002267519353850829
ejc_pm100.SRSF2,0.0022666271829071606
ptc_to_ejc.SRSF2,0.002255223496581796
newutr_200.SRSF6,0.0022167470660411663
utr3_all.PCBP1,0.002186897639881459
utr3_all.RBM5,0.002159400976826996
has_plus2_aug,0.0021248617537353415
utr3_200.TRA2B,0.002102500788092655
utr3_200.TARDBP,0.0020856172739693053
ptc_pm100.HNRNPA2B1,0.0020822166632752394
fiveUTR.introns,0.0020707696428971236
utr3_200.SRSF3,0.002068224219069719
utr3_200.PCBP2,0.0020659500674077183
utr3_all.FMR1,0.002059228165938222
utr3_all.ELAVL3,0.002053055843038152
newutr_all.MATR3,0.0020511705419393265
utr3_all.ELAVL2,0.002034629246764253
utr3_all.KHSRP,0.0020309613748646814
newutr_200.HNRNPF,0.0020295568259508542
utr3_200.RBM28,0.0019916261181516337
utr3_200.RBM4,0.0019826914733299685
loeuf_cat,0.0019821047159901345
newutr_200.HNRNPA1,0.0019749965189040123
newutr_all.NELFE,0.0019732612052392024
newutr_200.YBX1,0.0019701328168775676
ptc_pm100.SF1,0.001965406807187216
utr3_all.HNRNPA3,0.0019448838567647528
utr3_all.TARDBP,0.0019364361042449108
utr3_200.PCBP1,0.0019337573552320074
newutr_all.U2AF2,0.0019165560986571894
newutr_all.FXR1,0.0019029070695349166
utr3_200.PTBP1,0.0018850183270047683
utr3_all.RBM6,0.0018559163935764247
ejc_pm100.G3BP1,0.0018547311104904081
newutr_all.PABPN1,0.0018510008620758263
newutr_all.A1CF,0.0018405590470027796
ejc_pm100.HNRNPK,0.00182120765946049
ptc_pm100.QKI,0.0018198469446455857
utr3_all.HNRNPLL,0.0018145060613248443
utr3_all.SF1,0.001811670749347986
ptc_to_ejc.NELFE,0.0018069277626140997
utr3_all.PABPC5,0.0017974731209706323
newutr_all.AGO2,0.0017912692967757906
ptc_pm100.PTBP1,0.0017805835235515993
utr3_200.PUM1,0.001777959444384452
newutr_all.CELF6,0.001767103620364843
newutr_all.NONO,0.001757069153313844
newutr_200.G3BP2,0.0017485376117053694
newutr_all.KHDRBS1,0.0017373614557299473
newutr_all.RBM14,0.0017309812406943329
ptc_pm100.PCBP1,0.001724138069366088
utr3_200.CELF1,0.0017240877459982543
ejc_pm100.SRSF6,0.0017206403321756974
utr3_all.G3BP2,0.0017146714852899795
ptc_pm100.FMR1,0.0017047537936951199
newutr_all.YBX2,0.0016924801301721982
newutr_all.NOVA1,0.0016788761815838722
newutr_all.KHSRP,0.0016669551025545704
newutr_200.RBM4,0.0016597729455013425
utr3_200.HNRNPH1,0.0016530503936220504
newutr_all.NOVA2,0.0016525339525991533
ejc_pm100.HNRNPF,0.0016521117251281758
newutr_200.RC3H1,0.001644595688399751
newutr_200.TRA2A,0.0016429036672851761
utr3_all.MATR3,0.0016354011875743982
utr3_200.ZFP36,0.0016243734468376616
newutr_all.CNOT4,0.0016191371653607022
newutr_200.TRA2B,0.0016007404375434735
ejc_pm100.PCBP2,0.0015423173780764843
utr3_200.YBX1,0.0015399828995928152
utr3_all.KHDRBS1,0.0015387225773488002
newutr_200.HNRNPL,0.0015348990429888694
utr3_all.HNRNPL,0.0015310174940853921
ptc_pm100.HNRNPLL,0.0015244941440097379
ptc_pm100.CSTF2,0.0015237185274466062
utr3_200.TIAL1,0.0014834893509999125
ejc_pm100.NOVA2,0.0014790873599552976
utr3_200.RC3H1,0.00147567566899255
utr3_all.ESRP2,0.0014722579034544914
newutr_all.CPEB2,0.0014692254139672379
ejc_pm100.HNRNPA1,0.0014682424563711972
newutr_all.FXR2,0.0014664672250696642
newutr_200.MBNL1,0.0014664065931019865
utr3_all.YBX1,0.0014655962391191472
newutr_all.HNRNPL,0.0014637536529954667
utr3_all.RBFOX1,0.0014608478810522341
utr3_all.RBM4,0.0014583717740278867
newutr_all.CPEB4,0.0014566193890290435
newutr_200.PCBP2,0.0014505010744640626
ptc_pm100.HNRNPH1,0.001447958909971333
newutr_all.IGF2BP1,0.0014441460243658651
newutr_200.SRSF5,0.0014329671565136942
utr3_200.ELAVL2,0.0014325491832894628
ptc_pm100.HNRNPA3,0.0014274797581442806
ejc_pm100.ENOX1,0.0014242794456059034
utr3_all.CNOT4,0.0014114780705537329
utr3_all.CSTF2,0.0013949303702902836
ejc_pm100.PCBP1,0.0013925497137764371
ptc_pm100.ERI1,0.0013887687917078272
utr3_all.QKI,0.001385303320023258
utr3_all.ELAVL1,0.0013842162857554887
utr3_all.LIN28A,0.0013829149262778726
newutr_all.RBFOX1,0.0013726967982752446
ejc_pm100.SRSF10,0.0013679633557237964
utr3_200.TIA1,0.0013556129790107787
utr3_all.HNRNPH1,0.0013450731395495332
utr3_all.MBNL1,0.0013324213234076358
utr3_all.SART3,0.0013278123324618918
newutr_all.SRSF4,0.0013274439973311241
ejc_pm100.SRSF4,0.00131493132020287
newutr_all.ZFP36,0.0013140820754420405
ejc_pm100.HNRNPA2B1,0.0013076282143372774
ejc_pm100.YBX1,0.0013059548422698227
ptc_pm100.RBM5,0.0013023836322741253
newutr_all.KHDRBS3,0.0012927983025943506
ejc_pm100.TRA2A,0.001291290998849912
utr3_200.SF1,0.0012885598864336382
newutr_all.RBM6,0.0012720186081916758
ejc_pm100.SF1,0.0012704508515616706
ptc_to_ejc.CSTF2,0.0012693167488063114
ptc_pm100.MBNL1,0.0012677215769227078
utr3_200.HNRNPK,0.001253650568869731
newutr_all.DAZAP1,0.001249233521608926
utr3_all.TIA1,0.001245879902148135
newutr_all.SSB,0.0012386931523387067
utr3_200.HNRNPLL,0.0012377072324746227
utr3_200.SRSF10,0.0012333088882688
newutr_200.SRSF2,0.001232336290204253
ptc_pm100.YBX1,0.0012293036595469285
newutr_all.HNRNPA3,0.0012207837361770107
utr3_200.HNRNPH2,0.0012160391528792693
utr3_200.SSB,0.0012140498798345466
utr3_200.FMR1,0.0012125002069777568
ejc_pm100.HNRNPH1,0.001212472339235636
utr3_all.RBM41,0.0012090769757499402
ejc_pm100.RBM5,0.0011815561293074496
newutr_all.CELF5,0.0011814443618600168
utr3_200.HNRNPAB,0.0011772671759036988
utr3_all.SNRPB2,0.0011744624669908872
newutr_all.RC3H1,0.0011697128115605048
newutr_all.PUM2,0.001164920349429255
utr3_200.HNRNPA2B1,0.0011635605151745054
newutr_all.HNRNPAB,0.0011631170957236417
utr3_200.SRSF9,0.001159433209143091
utr3_all.U2AF2,0.0011538078796709346
utr3_all.ELAVL4,0.0011394349157820035
newutr_all.SART3,0.0011234167566247883
newutr_all.ZRANB2,0.0011161838079738616
newutr_200.HNRNPK,0.0011093951626587283
ejc_pm100.TARDBP,0.001096872371326872
newutr_200.HNRNPH2,0.001093122609827571
ejc_pm100.G3BP2,0.0010898738795869012
ptc_to_ejc.HNRNPF,0.0010835395808240038
utr3_all.PABPC1,0.0010833895887091955
newutr_200.SART3,0.0010808789431137208
pLI.cat,0.0010801688488277022
utr3_200.HNRNPA1L2,0.0010775804598579398
utr3_all.HNRNPH2,0.0010716029577957445
utr3_200.HNRNPC,0.001046063290768895
ejc_pm100.HNRNPH3,0.0010378471215481658
newutr_all.KHDRBS2,0.0010361183664797365
utr3_all.SSB,0.001031722379888125
utr3_all.HNRNPH3,0.0010303914147469766
newutr_all.PPRC1,0.0010231000571658344
utr3_all.SRSF6,0.001018772304923231
ejc_pm100.SRSF9,0.001018169134449586
newutr_all.CSTF2,0.0010151748913095344
newutr_200.ELAVL4,0.0010096728209553175
utr3_all.SNRNP70,0.001009626196099123
ptc_to_ejc.TRA2B,0.0010006441364743322
utr3_all.IGF2BP2,0.000992430797349079
utr3_all.NOVA2,0.0009923991168851324
newutr_200.SNRPA,0.0009896939635824398
newutr_all.SRSF5,0.0009832526498084265
cdsseq.introns,0.0009743233105269133
ptc_to_ejc.IFIH1,0.0009723066666078374
utr3_all.SNRPA,0.0009713673704286273
ejc_pm100.RBMX,0.000969630402840984
utr3_all.PUM1,0.0009692639295266748
ptc_pm100.SRSF10,0.0009691164187170402
ptc_pm100.TRA2A,0.0009503108493318577
ptc_pm100.ZRANB2,0.0009464797435299534
newutr_200.ZRANB2,0.0009451297952853729
ptc_to_ejc.ENOX1,0.0009372907192668233
ejc_pm100.HNRNPH2,0.0009358906147263004
utr3_all.ERI1,0.0009295227273544595
newutr_all.RBM42,0.0009230317103387351
ptc_to_ejc.TIA1,0.0009202899046657406
ptc_pm100.PCBP2,0.0009175506055243245
newutr_all.IGHMBP2,0.0009157883009679399
newutr_200.RBMX,0.0009095208120023601
utr3_all.KHDRBS2,0.0009084188253300576
ptc_pm100.CELF6,0.000905534185328552
ptc_pm100.PUM1,0.0009027277500106899
utr3_all.ZRANB2,0.0009024103886788584
utr3_all.NONO,0.0008914300227350958
newutr_all.PUM1,0.0008869623388573918
threeUTR.introns,0.0008865172918757294
newutr_all.TARDBP,0.0008864199332764928
newutr_all.RBM46,0.0008840647196235557
utr3_200.CELF6,0.0008791428035783451
newutr_all.RBM41,0.0008627549416382223
utr3_all.G3BP1,0.0008516476887724779
newutr_all.ELAVL3,0.0008503023985553321
ptc_to_ejc.HNRNPA2B1,0.0008408720416061188
ptc_to_ejc.SRSF7,0.0008382263982450129
ejc_pm100.SRSF5,0.0008315993951951158
utr3_all.HNRNPF,0.0008290962207380596
utr3_all.SAMD4A,0.0008248865779266442
ptc_pm100.SRSF4,0.0008116880812711902
utr3_all.IGHMBP2,0.0007976724190679342
newutr_200.QKI,0.0007964383654328182
newutr_200.HNRNPA3,0.0007890079798443963
utr3_all.PCBP2,0.0007861968188307142
utr3_all.SRSF3,0.000783336701643575
ejc_pm100.KHSRP,0.000782406983056149
newutr_all.TRA2A,0.0007819923667413133
newutr_200.TIA1,0.0007809765630155662
utr3_all.TIAL1,0.0007767237858450113
newutr_all.RBMS3,0.0007672928735321453
utr3_all.RC3H1,0.0007651447270027942
utr3_all.PABPC3,0.0007533349603046582
plus1_is_G,0.0007429034769418473
newutr_all.IGF2BP2,0.0007325758574131968
utr3_200.NELFE,0.0007302893570946506
ptc_pm100.HNRNPH3,0.0007286577491427231
newutr_200.TARDBP,0.0007271673400262001
utr3_200.FUS,0.0007257198824797851
newutr_all.ERI1,0.0007230767930683682
utr3_200.SRSF1,0.0007152486937536756
newutr_200.SAMD4A,0.0007139275662343131
ejc_pm100.PABPC1,0.0007113039581174271
newutr_all.EIF4B,0.000710785984439599
newutr_200.SRSF9,0.0007077373292169304
ejc_pm100.TRA2B,0.0007054473481614148
ejc_pm100.NELFE,0.0007044174214125151
utr3_all.ZFP36L2,0.0006981187847165173
utr3_200.MATR3,0.0006956623307245429
ptc_pm100.ENOX1,0.0006739749226401765
utr3_all.CPEB4,0.00067274159286274
utr3_200.HNRNPA1,0.0006681389710559398
utr3_200.AGO2,0.0006676092484098698
ejc_pm100.TIAL1,0.0006643129167037727
utr3_all.SRSF10,0.0006601809382894133
newutr_200.HNRNPH1,0.0006514613971824584
utr3_all.AGO1,0.0006489574355678426
newutr_200.RBM5,0.000641490660270768
newutr_all.PABPC1,0.0006379660613061811
newutr_200.ZC3H10,0.000636698026165669
utr3_200.SNRPA,0.0006314408450037064
ptc_to_ejc.SNRPA,0.0006314238712434478
newutr_all.RBM28,0.0006310544455127544
newutr_all.HNRNPA1L2,0.0006289302890425947
newutr_all.PCBP2,0.0006167727319112653
newutr_200.ENOX1,0.0006039681702046865
utr3_all.SRSF4,0.0006032768310806942
ptc_to_ejc.HNRNPK,0.000596209394966249
newutr_200.HNRNPH3,0.0005942165577096924
newutr_200.PUM1,0.0005941132547396903
newutr_200.FMR1,0.0005915659279355928
ptc_pm100.SRSF2,0.0005900559427947896
utr3_all.HNRNPM,0.0005894038742977133
newutr_all.ENOX1,0.0005867456786296571
ejc_pm100.ZRANB2,0.0005846891349294736
utr3_200.RBFOX1,0.0005844270499776805
ptc_pm100.CELF1,0.0005831485999654725
newutr_200.ELAVL1,0.0005774983157743703
ejc_pm100.LIN28A,0.0005772958389675881
ptc_to_ejc.NOVA2,0.0005764762344781252
newutr_200.NELFE,0.0005749206972005375
newutr_all.HNRNPK,0.0005742605437020393
newutr_200.PABPC1,0.0005730599951376585
utr3_all.CELF4,0.000569092251324646
ptc_pm100.HNRNPK,0.0005682035656573705
ptc_to_ejc.CELF1,0.0005653806726268594
newutr_all.SNRPA,0.000564790441041246
ptc_pm100.SART3,0.000564140126614161
newutr_all.RBM25,0.0005640670996388156
utr3_200.RBM41,0.000557024908713679
newutr_all.RALY,0.0005569165850211952
ptc_pm100.HNRNPAB,0.0005563710119260842
utr3_all.RBM46,0.0005538974695083953
newutr_200.SRSF4,0.0005407135955607889
utr3_all.AGO2,0.000540346103136322
ejc_pm100.CELF6,0.0005400077474154868
utr3_200.ZRANB2,0.0005344587295101455
ptc_to_ejc.PUM1,0.0005338616375212303
ptc_pm100.SRSF9,0.0005284297358552188
ptc_to_ejc.RBFOX1,0.0005272647426028119
utr3_200.ELAVL1,0.000517999101884949
ptc_to_ejc.PCBP2,0.0005166207281362709
newutr_all.YBX1,0.0005153790119367468
utr3_all.ENOX1,0.0005133986051786344
ejc_pm100.SNRPA,0.0005117212111036677
utr3_all.RBMS1,0.0005111179048049
ptc_to_ejc.SRSF5,0.0004983952508792454
newutr_all.HNRNPH3,0.0004963808237522395
utr3_200.TRA2A,0.0004960580943282082
utr3_200.SAMD4A,0.0004944844238550719
newutr_200.CPEB4,0.000493935717700415
ptc_to_ejc.A1CF,0.0004934511106346387
newutr_all.SRSF9,0.00048292057840662974
utr3_200.MBNL1,0.0004813778474055427
newutr_200.CELF6,0.00047898391596235007
utr3_all.IGF2BP3,0.00047626620327072305
ptc_to_ejc.QKI,0.00047384426298478354
ejc_pm100.SART3,0.0004730054408908723
ptc_pm100.EIF4B,0.0004705684562914725
ptc_to_ejc.KHDRBS1,0.00046619854118098194
utr3_200.IGHMBP2,0.00046037037577776935
newutr_200.LIN28A,0.00046028259417483646
minus2_is_G,0.00045948946516335417
ejc_pm100.HNRNPLL,0.0004582444762495599
ptc_to_ejc.SRSF9,0.0004568065495706101
ptc_pm100.RC3H1,0.00045652092029262084
utr3_200.PABPC3,0.0004553453110295813
utr3_all.SFPQ,0.0004547099991868136
ejc_pm100.PABPC5,0.00045422206529690417
newutr_200.SRSF10,0.0004540799168932952
utr3_200.HNRNPU,0.0004524366379876579
ejc_pm100.ZFP36,0.0004458510956153603
ptc_pm100.RBMX,0.00044317202708059014
newutr_all.HNRNPA2B1,0.0004423174051851843
utr3_200.SRSF5,0.00043988439376789154
newutr_200.G3BP1,0.00043600071637376974
ejc_pm100.RBM4,0.00043451932180839863
newutr_all.SRSF10,0.0004308960485351168
utr3_200.KHDRBS1,0.00042487323683341874
utr3_200.NOVA2,0.00041119895391906363
utr3_200.HNRNPA3,0.00041096732056715435
utr3_all.HNRNPK,0.00041039778991976925
ptc_pm100.KHSRP,0.00040967855470858084
utr3_all.NOVA1,0.00040586653677303017
utr3_all.SRP14,0.00039943483720150354
utr3_all.CELF5,0.0003990226457981407
utr3_all.RBM42,0.00039834400278442603
utr3_all.CELF1,0.000397855871904729
utr3_200.NOVA1,0.0003973153955037956
threeUTR.PTBP1,0.0003970077623850218
utr3_all.HNRNPA1L2,0.0003957904754030094
newutr_200.NOVA2,0.0003915268321465707
newutr_all.SF1,0.0003879152196677055
utr3_all.PUM2,0.00038707086613595543
utr3_all.RALY,0.0003835213997793366
ptc_to_ejc.YBX1,0.00037608228328856217
ptc_to_ejc.SRSF6,0.0003748280794070581
ejc_pm100.MBNL1,0.0003726240292050233
newutr_200.HNRNPAB,0.0003726070009017342
ptc_pm100.HNRNPL,0.00037127857174003585
ptc_pm100.RBM4,0.00037019810547703777
newutr_all.SNRNP70,0.00036755223585256615
newutr_200.PABPC5,0.0003636868171527992
newutr_all.RBMS1,0.0003599039985953974
ejc_pm100.YBX2,0.00035959355249039324
newutr_200.CSTF2,0.0003592604175195462
ptc_pm100.SAMD4A,0.0003569286670396792
newutr_all.ZCRB1,0.00035507870894342305
ptc_to_ejc.TARDBP,0.0003541728312974874
newutr_all.RBM5,0.00034902853765456413
utr3_all.CPEB2,0.0003377964992045423
newutr_200.HNRNPLL,0.0003232175837126288
ptc_to_ejc.HNRNPL,0.0003229237097176835
ejc_pm100.ELAVL1,0.0003225695469653449
newutr_200.SRSF1,0.0003203261794061158
newutr_all.HNRNPU,0.0003192463462078915
utr3_200.ELAVL4,0.00031256749246728736
utr3_all.HNRNPA1,0.0003120950898452684
ptc_pm100.IGHMBP2,0.00031061036110455593
newutr_all.SRSF7,0.00031051362477310456
ptc_to_ejc.FMR1,0.00030911961063436627
utr3_all.EIF4B,0.0003044528493483752
newutr_all.SRSF6,0.0003006970987647386
utr3_all.ZFP36,0.0002946938382732737
utr3_all.A1CF,0.0002940166441075928
utr3_all.PABPN1,0.0002925869348414905
utr3_200.SRP14,0.00028813743107802765
utr3_200.PABPC1,0.0002834419853553021
utr3_all.DAZAP1,0.000283179949033662
ptc_to_ejc.LIN28A,0.0002800488770948278
utr3_all.YBX2,0.00027987044592011636
ptc_to_ejc.CNOT4,0.0002768417625584798
newutr_200.TIAL1,0.00027076610350480404
utr3_all.KHDRBS3,0.000267561685374942
utr3_all.PTBP1,0.0002653976177153844
ptc_to_ejc.G3BP2,0.0002646464489194706
utr3_200.AGO1,0.00026459142799370287
newutr_200.AGO1,0.00025808057763861006
ejc_pm100.ELAVL4,0.00025790168520925777
utr3_all.IFIH1,0.00025695119784270066
ptc_to_ejc.ESRP2,0.00025142056612986074
ejc_pm100.QKI,0.0002501397861910548
newutr_200.MATR3,0.0002494424049961862
newutr_all.HNRNPC,0.0002482451929281546
newutr_all.CELF1,0.00024813669110203317
ejc_pm100.RC3H1,0.0002479647754081467
ptc_pm100.SRSF1,0.0002452748545464191
utr3_200.ZCRB1,0.0002422529231304648
newutr_200.SSB,0.00024087956565422522
ptc_pm100.CELF5,0.00023920148501255603
ptc_pm100.CELF4,0.0002382662797120898
ptc_pm100.G3BP1,0.00023459196017753148
ejc_pm100.SRSF1,0.00023162369735093207
ptc_to_ejc.HNRNPH3,0.00023033018686476417
newutr_all.FMR1,0.0002300035922813618
utr3_all.ZC3H10,0.00022782979618682
ejc_pm100.CSTF2,0.00022675963380744047
ptc_pm100.PABPC1,0.00022469367021325725
ptc_to_ejc.RBMX,0.00021924655177773275
utr3_200.LIN28A,0.0002189339523930402
ptc_to_ejc.RC3H1,0.0002186590231605388
utr3_all.HNRNPD,0.00021687099594471358
utr3_200.PUM2,0.00021610811211227464
ptc_to_ejc.CELF6,0.00021568120507846106
ptc_pm100.ELAVL1,0.00021485259287652285
utr3_200.RBMY1A1,0.00021351598996828484
newutr_200.ESRP2,0.000212805061859115
ptc_pm100.ZFP36,0.0002093553036411715
newutr_all.FUS,0.0002034335092372717
utr3_200.NONO,0.00020306212475122733
newutr_200.RBM24,0.0002017120366110922
newutr_200.NOVA1,0.00020043675134047968
newutr_all.ELAVL4,0.00019979551352863645
ejc_pm100.FXR2,0.00019825430820969738
ptc_to_ejc.ZRANB2,0.00019798021657118386
ejc_pm100.HNRNPA3,0.000196971009653928
newutr_200.CELF4,0.00019660936200856604
ptc_pm100.RALY,0.00019458099459343913
newutr_200.NONO,0.0001939512546955728
ejc_pm100.TIA1,0.00019355566985569997
ejc_pm100.HNRNPL,0.00018922083299178138
ptc_to_ejc.SAMD4A,0.00018867778145843176
newutr_all.HNRNPF,0.0001869447224801512
utr3_200.ESRP2,0.00018606651039377177
utr3_all.SRSF2,0.00018454282647994386
ptc_to_ejc.TIAL1,0.00017826869991173519
utr3_all.FXR1,0.0001777642431598701
utr3_all.MSI1,0.00017549859188955585
ptc_to_ejc.G3BP1,0.00017523008884957138
ptc_to_ejc.TRA2A,0.00017167785854204547
utr3_200.CPEB4,0.00017150408602390247
ejc_pm100.RBMY1A1,0.00016870890998446059
ejc_pm100.IFIH1,0.00016769606698074907
newutr_200.ERI1,0.0001651143640881603
utr3_all.HNRNPU,0.00016407227409517524
newutr_all.AKAP1,0.0001619908878850541
utr3_all.RBM14,0.00016037089290456684
utr3_200.RBM46,0.00015714609754171878
utr3_all.ZCRB1,0.00015683574672062346
utr3_200.IGF2BP1,0.00015622894235370712
utr3_all.FUS,0.0001554726801311225
utr3_200.ENOX1,0.0001545517621559921
ptc_to_ejc.HNRNPLL,0.00015390038356080248
ptc_to_ejc.HNRNPDL,0.00015075143374025
utr3_200.IFIH1,0.00014716981776152248
ejc_pm100.ERI1,0.00014710390967702472
ptc_pm100.IGF2BP2,0.00014678591539840394
newutr_200.ELAVL2,0.00014665553612169132
utr3_200.G3BP1,0.00014585410608721467
ptc_pm100.ESRP2,0.00014355179795021844
ejc_pm100.ZC3H10,0.00014205265592625275
ejc_pm100.SSB,0.0001366476891598578
utr3_200.IGF2BP3,0.00013614288320889348
utr3_200.CELF5,0.00013457342894016515
ptc_pm100.PABPC5,0.00013169050132489103
newutr_200.RBM6,0.00013125813347800058
ejc_pm100.PABPN1,0.00012860877521050565
ptc_to_ejc.IGHMBP2,0.000124122560166507
newutr_all.HNRNPD,0.0001226277246265909
ptc_pm100.IGF2BP1,0.00011954362205260339
utr3_200.IGF2BP2,0.00011052378794816148
ptc_pm100.SNRPB2,0.0001091078210253828
ptc_to_ejc.ELAVL1,0.00010605120176752462
utr3_200.ERI1,0.0001056034863052469
utr3_200.CELF4,0.00010508675326296821
ejc_pm100.SNRPB2,0.00010452314034086966
ejc_pm100.RBM6,0.00010098194263133584
ptc_to_ejc.PABPN1,0.00010064582736882568
newutr_all.TUT1,9.967737710847955e-05
ejc_pm100.KHDRBS1,9.858357588273148e-05
utr3_200.QKI,9.696109934414415e-05
ejc_pm100.HNRNPAB,9.130658885973679e-05
ptc_pm100.FXR2,9.067058250949436e-05
newutr_200.EIF4B,8.945672734642672e-05
newutr_200.RBM42,8.317663856642161e-05
ptc_to_ejc.IGF2BP2,8.18368024479363e-05
utr3_200.RBM24,8.037100002213805e-05
newutr_200.PABPC3,7.820907255021811e-05
ejc_pm100.RBM25,7.645225828823752e-05
ptc_pm100.NONO,7.470776281732035e-05
newutr_200.SNRPB2,7.428950587267706e-05
ptc_to_ejc.RBM6,6.986087546187289e-05
utr3_all.TUT1,6.962861171950864e-05
ejc_pm100.KHDRBS2,6.93908835939091e-05
utr3_200.ZC3H10,6.892531548393942e-05
ptc_pm100.KHDRBS1,6.851073051567412e-05
ejc_pm100.ELAVL2,6.835539892668961e-05
ejc_pm100.IGF2BP3,6.793257465015722e-05
ptc_to_ejc.U2AF2,6.773357382488268e-05
ejc_pm100.PABPC3,6.64487463605932e-05
ptc_pm100.RBM24,6.319299837467384e-05
ejc_pm100.TUT1,6.048342846072864e-05
ptc_to_ejc.RBM25,5.8498473704762165e-05
ptc_to_ejc.TUT1,5.763349262138556e-05
utr3_200.FXR1,5.6403377886120556e-05
utr3_200.YBX2,5.5278864754290183e-05
utr3_200.SNRNP70,5.196355339419636e-05
utr3_200.G3BP2,5.157566403618018e-05
ptc_to_ejc.RBM24,4.9754507514849765e-05
utr3_200.RBM3,4.8363649334223385e-05
newutr_200.HNRNPA1L2,4.73222828914171e-05
ptc_pm100.ELAVL3,4.480296323907974e-05
newutr_200.RBMY1A1,3.7838007384402835e-05
newutr_200.ELAVL3,3.5543212651379485e-05
ptc_to_ejc.IGF2BP1,3.455258580605496e-05
utr3_200.RBM42,3.2759833014728854e-05
ptc_pm100.RBMS1,2.793295326489644e-05
newutr_200.YBX2,2.7163528701758176e-05
ptc_pm100.RBM8A,2.1999727117668024e-05
ptc_to_ejc.HNRNPA1L2,1.641637900255777e-05
newutr_200.AKAP1,1.2298634894191177e-05
newutr_200.RBM3,7.418555571614968e-06
ejc_pm100.AKAP1,4.337454433633551e-06
newutr_all.RBM3,0.0
ptc_to_ejc.RALY,0.0
ptc_to_ejc.CELF5,0.0
ejc_pm100.PUM2,0.0
utr3_200.RBM8A,0.0
ptc_to_ejc.CELF4,0.0
ptc_to_ejc.RBM14,0.0
newutr_all.RBM8A,0.0
ejc_pm100.IGF2BP1,0.0
ejc_pm100.IGF2BP2,0.0
ptc_to_ejc.RBM28,0.0
ejc_pm100.NOVA1,0.0
utr3_200.SNRPB2,0.0
ejc_pm100.PPRC1,0.0
ptc_to_ejc.RBM4,0.0
ptc_to_ejc.YBX2,0.0
ptc_to_ejc.RBM42,0.0
utr3_200.ZFP36L2,0.0
utr3_all.AKAP1,0.0
ptc_to_ejc.RBM5,0.0
utr3_200.FXR2,0.0
ejc_pm100.RBFOX1,0.0
ejc_pm100.NONO,0.0
ejc_pm100.RALY,0.0
utr3_all.FXR2,0.0
ejc_pm100.RBM14,0.0
ejc_pm100.RBM24,0.0
newutr_all.ANKHD1,0.0
newutr_all.CELF4,0.0
ptc_to_ejc.SNRPB2,0.0
newutr_all.IGF2BP3,0.0
utr3_200.SART3,0.0
ptc_to_ejc.SRSF10,0.0
newutr_all.ELAVL1,0.0
ejc_pm100.U2AF2,0.0
ptc_to_ejc.SRSF4,0.0
utr3_200.KHDRBS2,0.0
utr3_200.SRSF4,0.0
newutr_all.HNRNPA1,0.0
newutr_all.HNRNPLL,0.0
utr3_all.HNRNPC,0.0
utr3_all.HNRNPA2B1,0.0
utr3_200.RALY,0.0
plus2_is_G,0.0
newutr_all.HNRNPH2,0.0
newutr_all.HNRNPH1,0.0
ptc_to_ejc.ZC3H10,0.0
utr3_200.HNRNPM,0.0
utr3_200.PABPN1,0.0
ptc_to_ejc.ZCRB1,0.0
ptc_to_ejc.RBM8A,0.0
newutr_all.PTBP1,0.0
ejc_pm100.RBM8A,0.0
ptc_to_ejc.RBMS3,0.0
newutr_all.PCBP1,0.0
utr3_all.IGF2BP1,0.0
ejc_pm100.SNRNP70,0.0
ptc_to_ejc.RBMY1A1,0.0
ejc_pm100.SRP14,0.0
utr3_200.RBM25,0.0
utr3_200.HNRNPD,0.0
utr3_200.HNRNPDL,0.0
utr3_all.ANKHD1,0.0
newutr_all.SFPQ,0.0
newutr_all.MBNL1,0.0
ptc_to_ejc.SART3,0.0
utr3_200.RBMS3,0.0
utr3_200.U2AF2,0.0
newutr_200.SNRNP70,0.0
ejc_pm100.A1CF,0.0
ptc_to_ejc.CPEB2,0.0
utr3_200.ANKHD1,0.0
newutr_200.KHDRBS1,0.0
ptc_pm100.G3BP2,0.0
newutr_200.IGF2BP3,0.0
utr3_all.SRSF1,0.0
newutr_200.HNRNPU,0.0
ptc_to_ejc.PABPC1,0.0
ptc_pm100.HNRNPDL,0.0
utr3_200.RBM6,0.0
ptc_to_ejc.HNRNPAB,0.0
ptc_to_ejc.PABPC3,0.0
newutr_200.HNRNPDL,0.0
newutr_200.KHDRBS3,0.0
ptc_pm100.HNRNPM,0.0
ptc_pm100.IFIH1,0.0
ptc_to_ejc.PABPC5,0.0
ptc_pm100.KHDRBS3,0.0
ptc_to_ejc.HNRNPA3,0.0
ptc_pm100.MATR3,0.0
ptc_to_ejc.HNRNPA1,0.0
ptc_pm100.NOVA1,0.0
utr3_all.RBMY1A1,0.0
utr3_all.RBMS3,0.0
ptc_pm100.FXR1,0.0
ptc_to_ejc.NOVA1,0.0
newutr_200.FXR2,0.0
ptc_pm100.AGO1,0.0
newutr_200.SRP14,0.0
ptc_to_ejc.MATR3,0.0
ptc_to_ejc.KHSRP,0.0
newutr_200.SRSF7,0.0
newutr_200.RBM8A,0.0
ptc_to_ejc.IGF2BP3,0.0
ptc_to_ejc.HNRNPM,0.0
newutr_200.U2AF2,0.0
newutr_200.ZCRB1,0.0
newutr_200.RBM28,0.0
ptc_pm100.ANKHD1,0.0
ptc_pm100.ELAVL4,0.0
newutr_200.RBM25,0.0
newutr_200.RBM14,0.0
newutr_200.RALY,0.0
newutr_200.PPRC1,0.0
ptc_pm100.CNOT4,0.0
ptc_pm100.CPEB2,0.0
utr3_all.ZNF638,0.0
newutr_200.PCBP1,0.0
newutr_200.PABPN1,0.0
ptc_pm100.ELAVL2,0.0
ptc_pm100.PPRC1,0.0
ptc_pm100.PUM2,0.0
ptc_to_ejc.CPEB4,0.0
ejc_pm100.CNOT4,0.0
newutr_all.TRA2B,0.0
ptc_to_ejc.ELAVL4,0.0
utr3_all.PPRC1,0.0
ptc_pm100.ZCRB1,0.0
ptc_to_ejc.PPRC1,0.0
ptc_pm100.ZNF638,0.0
ptc_to_ejc.ELAVL2,0.0
ejc_pm100.AGO1,0.0
ejc_pm100.CELF4,0.0
newutr_all.TIA1,0.0
ejc_pm100.CPEB2,0.0
utr3_200.EIF4B,0.0
ejc_pm100.CPEB4,0.0
ejc_pm100.DAZAP1,0.0
utr3_200.ELAVL3,0.0
ejc_pm100.ELAVL3,0.0
newutr_all.SRSF3,0.0
newutr_all.SRSF2,0.0
ejc_pm100.ESRP2,0.0
ptc_to_ejc.DAZAP1,0.0
ejc_pm100.FUS,0.0
newutr_all.SRSF1,0.0
ptc_pm100.TIAL1,0.0
utr3_200.DAZAP1,0.0
utr3_all.RBM8A,0.0
newutr_200.A1CF,0.0
ptc_pm100.RBFOX1,0.0
ptc_pm100.RBM14,0.0
ptc_pm100.RBM28,0.0
ptc_to_ejc.PCBP1,0.0
ptc_pm100.RBM42,0.0
ptc_pm100.RBM46,0.0
ptc_pm100.RBM6,0.0
ptc_pm100.RBMS3,0.0
ptc_pm100.RBMY1A1,0.0
utr3_200.CNOT4,0.0
ptc_to_ejc.FXR2,0.0
ptc_pm100.SSB,0.0
ptc_pm100.SNRNP70,0.0
utr3_all.RBM28,0.0
ptc_pm100.SRP14,0.0
newutr_all.ZNF638,0.0
ptc_to_ejc.FXR1,0.0
newutr_all.ZFP36L2,0.0
utr3_all.RBM25,0.0
ptc_to_ejc.FUS,0.0
utr3_all.RBM24,0.0
utr3_200.CPEB2,0.0
newutr_200.ZFP36,0.0
