feature,importance_mean,importance_std,is_categorical
last.EJC,12.106699767544226,0.6935395442562127,True
relativePTClocation,5.34589057866828,0.451188040893624,False
half_life_PC1,5.115364348491164,0.5762141850060233,False
cdsseqs_AU_content,4.144452358254612,0.31271573796833985,False
MedianExpression_log2,3.036936600849832,0.4211727055053181,False
mut.exon,2.739485431447612,0.17110907893671082,False
cdsseqs_UC_content,2.4964198360633385,0.6338960352118281,False
log2_CDS,2.264258316567286,0.24063908716230853,False
CADD_phred,1.540728187016734,0.3601147608787854,False
readthrough_score_hek293t,1.5079932970999521,0.08222609073648478,False
fiveUTR_AU_content,1.4124456404579449,0.27068450891089735,False
threeUTR_UC_content,1.3814010193536397,0.3774136729566938,False
isoform_count,1.3255250587610505,0.17489329957849203,False
CodonOptimalityFraction_CDS,1.312849492846528,0.3294615047162085,False
ejc_count_in_window,1.2036587055795618,0.21736107661555093,False
first.200,1.1387265841045022,0.27565690167492524,True
AmountExonsAfter,1.1324680582644984,0.46481630321223266,False
threeUTR_AU_content,1.1236586360816019,0.18034327372129497,False
gnomAD_exome_ALL,1.1232006671909764,0.20292525181439044,False
phastcons_ejc_100bp_median,1.0984769162666732,0.5581213338584837,False
phylop_ptc_to_ejc_median,1.087422242734636,0.24674912061350024,False
phastcons_new3utr_first200_median,1.0521638541143248,0.18667463881932098,False
relPTC_exon,1.0269520813006319,0.2470466661370367,False
length.mutated.exon,0.9586724534176352,0.1242331112120785,False
first.100,0.893220370816351,0.2734811815583075,True
phylop_new3utr_first200_median,0.8797453311529744,0.21164825797352033,False
phylop_old3utr_whole_median,0.8574674231340461,0.23454598398685395,False
phylop_utr5_first200_median,0.8035486209959333,0.11531807948683147,False
fiveUTR_UC_content,0.7927042347369985,0.2612752264907564,False
phylop_ejc_100bp_median,0.7884944883219333,0.19633699169229624,False
PTC.plus1.aa,0.7307025065919159,0.42632473089746464,True
cdsseq_UCcontentfirst100,0.7114575839471241,0.15968824212951918,False
log2_5utr,0.6819384811949513,0.046712975006251496,False
phylop_ptc_100bp_median,0.665733793000869,0.07762475024986022,False
fiveUTR_AUcontentfirst100,0.656019352677515,0.19368578245895496,False
fiveUTR_UCcontentfirst100,0.6260747463942404,0.1691958935758335,False
log2_3utr,0.6226572680204104,0.09716718288901864,False
cdsseq_UCcontentlast100,0.619879847025384,0.16617930253672153,False
CodonOptimalityFraction_PTCpm100nt,0.6045798062222487,0.1583432678228925,False
ThreeUTR_AUcontentlast100,0.5854306035818932,0.17991789584529455,False
PTC_dist_exon_start_1b,0.5548257485444242,0.19960831711349772,False
phastcons_utr5_first200_median,0.5355350413664802,0.2256779854241664,False
fiveUTR_UCcontentlast100,0.5323398829268926,0.19447979479151012,False
ThreeUTR_UCcontentfirst100,0.5230649768500725,0.22396550555799732,False
fiveUTR_AUcontentlast100,0.5218907333501607,0.16978481001839232,False
log2newUTR,0.5028999386715448,0.10431707267393331,False
noncoding.length,0.49191618736884674,0.22726316836596172,False
ThreeUTR_UCcontentlast100,0.4910915065907103,0.08143214157752537,False
utr3_200.RBM5,0.49025119542007367,0.2245468472300606,False
cdsseq_AUcontentfirst100,0.4821871243362664,0.09728932475719626,False
phylop_new3utr_whole_median,0.4669930012088136,0.04357898009535817,False
aug_distance_category,0.4615043948680011,0.15502868452751628,True
phylop_old3utr_first200_median,0.4561669310341895,0.07940845373243591,False
ThreeUTR_AUcontentfirst100,0.44603463206666233,0.13731950884150948,False
cdsseq_AUcontentlast100,0.4408750942601752,0.2073225483140913,False
phastcons_new3utr_whole_median,0.43276365038233233,0.08895321375257723,False
phylop_tx_whole_median,0.4214277417696704,0.11541244017489247,False
phastcons_ptc_100bp_median,0.3964226396193703,0.09234245931357703,False
phastcons_utr5_whole_median,0.35131215973791696,0.13162471371646958,False
phastcons_tx_whole_median,0.34881892794377267,0.1355010744320966,False
phastcons_ptc_to_ejc_median,0.33338870548792704,0.07993846733714256,False
ejc_pm100.PUM1,0.3325380222566132,0.1800687376745797,False
ptc_pm100.MBNL1,0.32652349894390686,0.13584589006473166,False
PTC.plus2.aa,0.32233844810314205,0.23519854111344718,True
kozak_strength,0.30932468050809836,0.09570638674735452,True
EJC.downstream.cut,0.30725644724712897,0.09819001162828765,True
PTC.minus1.aa,0.30393362693975784,0.15772347669027242,True
utr3_200.HNRNPK,0.2926951802429055,0.10729780343856879,False
fiveUTR.introns,0.2863556850723216,0.13627712370056622,True
phastcons_old3utr_whole_median,0.2802294627543069,0.10706192397231568,False
newutr_all.RBMY1A1,0.2680403981555143,0.19119092350645628,False
newutr_all.G3BP1,0.24751180090495195,0.15577047229211752,False
fiveutrseqs.uORF,0.23746313273176928,0.2128450810374424,True
PTC.minus2.aa,0.23143637863938538,0.10579848761931343,True
newutr_all.ZC3H10,0.22384324030918323,0.2230572539435261,False
ptc_to_ejc.SF1,0.21270191697439977,0.1361890339857227,False
ptc_pm100.HNRNPF,0.20546444200245767,0.18884974806793514,False
long.exon,0.18432195117572353,0.11383160408455097,True
newutr_all.SRSF5,0.18211026490653967,0.12608785136068698,False
newutr_all.SNRPA,0.17793876084480392,0.0889356602156777,False
ejc_pm100.SRSF3,0.17151340293782255,0.14048719291618764,False
utr3_200.RBMX,0.15846232647297706,0.0905664335503801,False
utr3_200.ZFP36,0.15813320575302542,0.11567573653375836,False
ptc_pm100.SF1,0.15519465574168587,0.1446809302687217,False
aug_frame_status,0.1535478191873121,0.06984585344397085,True
newutr_200.HNRNPM,0.15289484127331682,0.10787628148307009,False
phastcons_old3utr_first200_median,0.15112455362865382,0.05913426669331053,False
newutr_all.FMR1,0.1468246580907268,0.09476302173799074,False
utr3_200.SRSF6,0.142156247479527,0.07750258940441149,False
ejc_pm100.HNRNPA1,0.14061453591522702,0.0770122805308708,False
pLI.cat,0.1381185561388663,0.06224769652302778,True
utr3_200.PCBP2,0.1377545805690304,0.12074363836156896,False
newutr_all.RC3H1,0.13591033842378986,0.09315907682156696,False
utr3_all.NELFE,0.13470591522519204,0.07306579404266902,False
utr3_200.RBM4,0.1333268740663258,0.08982931610066541,False
ptc_to_ejc.HNRNPK,0.12696136763228108,0.11282600095759301,False
utr3_all.MBNL1,0.126550093250364,0.053506443771534726,False
newutr_200.HNRNPA2B1,0.12427108138679913,0.1076785680992986,False
newutr_200.NELFE,0.12172054133662327,0.052238680228913835,False
utr3_all.QKI,0.12008801974484688,0.07982570676801022,False
utr3_200.SRSF1,0.11981323372131603,0.05850512505112219,False
newutr_200.SRSF6,0.11741505905782271,0.1019427823935402,False
utr3_all.CSTF2,0.11444739646504279,0.07809101772631291,False
newutr_all.SF1,0.11383628925958608,0.0607128613097055,False
newutr_all.QKI,0.11335720458243019,0.0682511809672357,False
newutr_all.NELFE,0.10896434621032355,0.09749992757726936,False
utr3_200.HNRNPA1,0.1086031831637341,0.07043089536154418,False
ptc_to_ejc.SRSF6,0.10765017178576353,0.06816728546617604,False
ptc_pm100.PTBP1,0.10754431690092185,0.07707053781711345,False
ejc_pm100.FMR1,0.10667114851297692,0.09407632055060751,False
utr3_all.CELF6,0.10487850542867343,0.09924287254280677,False
newutr_all.RBMX,0.10456528909824263,0.10264878952099998,False
utr3_200.SF1,0.10047480394547677,0.046622185486558325,False
newutr_all.HNRNPL,0.10044379293707817,0.06213173866328749,False
utr3_all.SRSF7,0.09961361078579814,0.06582675738547009,False
ejc_pm100.PTBP1,0.09903299534148687,0.05830904130641365,False
newutr_all.HNRNPM,0.09898897893255783,0.058675488249454066,False
ptc_pm100.HNRNPAB,0.09871785915054096,0.10912455975295651,False
utr3_all.TRA2A,0.09512638378369487,0.06951706179632558,False
newutr_all.TARDBP,0.09502520052945694,0.056196622779514115,False
newutr_all.PABPN1,0.0927747176796349,0.06562950670044045,False
newutr_all.SRSF9,0.09271726990380609,0.07853999413760661,False
newutr_200.PCBP2,0.09183853877050988,0.06090206038437472,False
ejc_pm100.KHSRP,0.08967014422574077,0.06898140809855155,False
utr3_all.HNRNPA2B1,0.08889095247555483,0.08507970914857267,False
utr3_all.SNRPA,0.08805693495173791,0.05958496003255025,False
newutr_all.ZFP36,0.08657594995120561,0.05437272516763932,False
newutr_all.HNRNPA2B1,0.08488382434047553,0.0451340246153219,False
ptc_to_ejc.SRSF3,0.08476823462318234,0.08002990961275627,False
ejc_pm100.ENOX1,0.08410220161945917,0.0569078729937972,False
utr3_all.YBX1,0.08299300795977584,0.0593342471608677,False
newutr_200.SRSF3,0.08274233484434727,0.0551036655365099,False
newutr_all.IFIH1,0.08253403388672975,0.07341168199131837,False
ptc_to_ejc.SFPQ,0.08229061895856497,0.04745461069136256,False
utr3_all.PCBP2,0.08196705795610905,0.05377775321768511,False
ptc_to_ejc.SRSF2,0.07976814188187505,0.044099992357068754,False
loeuf_cat,0.07947162915190802,0.05474907301313732,True
ptc_pm100.SRSF2,0.07848649356441789,0.06646107344830127,False
utr3_200.SRSF2,0.07840676757046719,0.08951488705704434,False
utr3_all.RC3H1,0.078268219703254,0.06602423630627578,False
newutr_all.AGO1,0.07784827317771123,0.06820003711523588,False
newutr_all.HNRNPDL,0.07607131088930448,0.08491694804111133,False
newutr_all.TRA2A,0.07546006709424287,0.052671419710787606,False
newutr_all.CELF6,0.07519368880305603,0.061179381187387416,False
utr3_all.AGO2,0.07418740315798919,0.06812590182981908,False
newutr_all.LIN28A,0.07374605220834572,0.12230514872544923,False
ptc_to_ejc.PTBP1,0.073552820114685,0.04877810539294773,False
utr3_all.SRSF5,0.0708970046781387,0.0557110767636221,False
newutr_all.CSTF2,0.07077971520899806,0.0707565284834209,False
utr3_200.PTBP1,0.06953410837327718,0.041480156907046144,False
ptc_pm100.IFIH1,0.06762053017649791,0.04527696884052991,False
utr3_200.HNRNPH3,0.06662987455816517,0.04835359621253592,False
utr3_all.RBMX,0.06641854433244465,0.04246590744613152,False
ptc_pm100.PCBP1,0.06571306824242334,0.04604979017337813,False
utr3_200.FMR1,0.06551857952137799,0.05157300044645446,False
newutr_all.PUM1,0.06455485864597829,0.0417070884216841,False
utr3_all.PCBP1,0.0636093333859555,0.043440988637823565,False
utr3_all.TIA1,0.06345913890479662,0.06516458445068352,False
newutr_all.NOVA2,0.06337814777387565,0.10643788566969269,False
ejc_pm100.HNRNPH2,0.06303046638176045,0.0531732231917696,False
utr3_all.RBM4,0.06300750417285823,0.0628729256561198,False
newutr_all.RBFOX1,0.06266932529449022,0.058867424002473634,False
threeUTR.PTBP1,0.06261864733177333,0.036755763628067234,True
ptc_pm100.RBM4,0.06242460712945423,0.030803809788781424,False
newutr_200.SF1,0.06191880063737461,0.04302994729517096,False
newutr_all.ELAVL2,0.06145225935844236,0.07854841797657924,False
utr3_200.PCBP1,0.06035417099778656,0.05263498116555456,False
utr3_all.FMR1,0.05949268714934499,0.09901272764069947,False
ptc_pm100.SRSF6,0.059390135589540025,0.05701499077201862,False
newutr_200.NOVA1,0.05938223783115697,0.06012520795254869,False
ejc_pm100.TRA2B,0.05923375567176718,0.053846950847500366,False
utr3_all.HNRNPH2,0.05906187359995396,0.04924306198439486,False
ejc_pm100.SRSF5,0.05886504229858928,0.027213664380450243,False
newutr_all.ELAVL1,0.058524867789265425,0.05429213597028033,False
utr3_all.ZFP36,0.057586188846877294,0.04432545634991274,False
utr3_all.ZRANB2,0.057474268252982894,0.0409596171543113,False
newutr_all.ESRP2,0.057462468435135326,0.03622912119671206,False
newutr_all.NONO,0.057311736949450076,0.08867487308900314,False
ejc_pm100.RBM5,0.0572803891451503,0.0330402050639397,False
ptc_to_ejc.PCBP2,0.0567702052907734,0.09444585198849498,False
has_plus2_aug,0.05668313869416429,0.057969538029783704,True
newutr_200.TRA2B,0.05637631298182446,0.05911689465702443,False
newutr_all.G3BP2,0.05588520194598719,0.02579186517060337,False
ptc_pm100.YBX1,0.055676155118908444,0.04329393636465148,False
ptc_pm100.TRA2B,0.055622681539979145,0.11124536307995829,False
utr3_all.ELAVL1,0.05560785496309804,0.05249915483646256,False
utr3_200.YBX1,0.05553339621388966,0.03838455539497579,False
newutr_200.HNRNPH3,0.05543319415098711,0.06228674902766935,False
utr3_all.SRSF6,0.05535197345405992,0.05728046397514275,False
ptc_pm100.TRA2A,0.05475813938543948,0.06514729678720481,False
utr3_all.HNRNPH3,0.05472599875316695,0.057961602685731715,False
ptc_pm100.HNRNPLL,0.05468778629035065,0.043110515584836195,False
newutr_all.PABPC3,0.05465680632562879,0.03955314818669457,False
ptc_pm100.HNRNPA1,0.05461257216486235,0.03269231068303584,False
newutr_all.RBM4,0.054384455050127664,0.03704861518515325,False
newutr_200.SRSF2,0.053949001758126024,0.035355537243404275,False
newutr_all.ZRANB2,0.05377015327800953,0.05537931084602891,False
newutr_200.PTBP1,0.05347891830681214,0.020473862849070747,False
newutr_200.RBM5,0.05289683108426256,0.07664998643220222,False
ejc_pm100.HNRNPA2B1,0.05274530981630275,0.03557759434090083,False
newutr_200.HNRNPA1,0.05271488372159577,0.047497262122440494,False
ptc_to_ejc.SRSF1,0.05245037311261871,0.06482077930338505,False
ptc_pm100.SNRPA,0.052111545500063285,0.031355610792003635,False
newutr_all.CNOT4,0.051890446045333605,0.04605847555790231,False
utr3_all.SRSF3,0.051796868897107495,0.05586066623479864,False
ptc_pm100.HNRNPH2,0.05147873860645193,0.040786840154200664,False
newutr_all.ELAVL4,0.05141966956811876,0.04625630781523595,False
utr3_all.PUM1,0.05108739387664044,0.049293675014647466,False
ejc_pm100.HNRNPK,0.05029964760163482,0.03930585202324473,False
utr3_200.HNRNPH2,0.049543289314148704,0.030554231029888752,False
newutr_200.SRSF1,0.04917412177271963,0.051870518247424086,False
newutr_all.SSB,0.04896620062765382,0.03357438516199452,False
ptc_pm100.SFPQ,0.04871491071084552,0.07027691653830889,False
ejc_pm100.SFPQ,0.04850400157372818,0.04340560122625803,False
utr3_200.PUM1,0.04845972883389415,0.03208182807539798,False
newutr_all.ERI1,0.04841067643349324,0.035094535081988266,False
newutr_all.RBM24,0.047471238506814936,0.03196226916535628,False
utr3_200.HNRNPF,0.04744204033711362,0.04600435932044757,False
newutr_all.SRP14,0.047271144161473856,0.02120135558433973,False
ptc_pm100.CELF6,0.04664412188400193,0.03712518265153518,False
newutr_200.TARDBP,0.04650615102616439,0.051668298273819815,False
newutr_all.EIF4B,0.04608804326160661,0.04830232595747463,False
newutr_200.CELF1,0.04565919486441834,0.024361857899589036,False
utr3_all.TIAL1,0.045572426609502135,0.06016625241191489,False
utr3_200.TIAL1,0.045521254539026536,0.061158179668637146,False
utr3_all.FXR1,0.044615912090821566,0.025397233243292575,False
newutr_all.TIA1,0.044189359958697175,0.042063358913144784,False
utr3_200.HNRNPU,0.04373131419951022,0.05871568089256188,False
ptc_pm100.SRSF3,0.04372277388381742,0.026505469884705507,False
newutr_all.CELF4,0.04326572760378856,0.0865314552075771,False
newutr_200.HNRNPF,0.0431909542793571,0.05273317467697912,False
ejc_pm100.HNRNPA3,0.043031254655927574,0.034990852047387735,False
utr3_all.SRSF9,0.04263040412029715,0.023688538761046544,False
newutr_200.HNRNPL,0.042132007968819565,0.044388338785869716,False
ejc_pm100.SRSF6,0.041670082920215686,0.022873149726068038,False
newutr_all.CELF1,0.04136114126614129,0.0366457947534298,False
utr3_all.SSB,0.041075251272136695,0.06223713526506755,False
newutr_all.ZCRB1,0.041014624294765836,0.06557851390152025,False
newutr_200.TIA1,0.0403757692854616,0.030887845099334253,False
ptc_pm100.SRSF7,0.040006679781974176,0.05675777812907289,False
newutr_200.SRSF7,0.039997985214313976,0.020853964991919414,False
utr3_all.TRA2B,0.039997839852198146,0.018555511160310234,False
newutr_200.SRSF5,0.03997836156434937,0.03194115927580261,False
newutr_200.SFPQ,0.03947682941956107,0.029700013751214355,False
newutr_200.HNRNPH1,0.03896466773726599,0.07792933547453199,False
utr3_200.KHSRP,0.03871099567627905,0.06325844498253308,False
ptc_pm100.HNRNPK,0.03861877345425026,0.06643158908667729,False
newutr_all.SRSF4,0.038224825107271376,0.04685631030741816,False
ejc_pm100.NELFE,0.037632797177854005,0.03259564757131796,False
utr3_all.PTBP1,0.03715033624032421,0.03756555813834463,False
newutr_all.ENOX1,0.03712639970297823,0.03259099887855105,False
newutr_all.U2AF2,0.03688399964561305,0.023140666577429234,False
newutr_all.SAMD4A,0.036786216516920336,0.03187576733746345,False
utr3_200.HNRNPH1,0.03666103161406814,0.026312572884770062,False
utr3_200.SRSF7,0.03659136776837799,0.04191673526354658,False
utr3_all.LIN28A,0.03659010703056551,0.04110979400116881,False
utr3_all.SRSF1,0.03652666141743806,0.034031082646014,False
newutr_all.PABPC1,0.03637036048994712,0.047797313521006114,False
newutr_all.SRSF10,0.03624538660543745,0.02252112034051241,False
utr3_all.TARDBP,0.035979959867442096,0.04439170834798331,False
utr3_200.MBNL1,0.035787668273695165,0.04182977616786953,False
ptc_pm100.SRSF1,0.03541416511653102,0.03539117634442607,False
threeUTR.introns,0.034956796613454154,0.039001423922040625,True
newutr_all.MBNL1,0.03461667262534844,0.030554723779820162,False
utr3_200.NOVA2,0.03457372796681056,0.06914745593362112,False
newutr_200.MBNL1,0.03457170804726938,0.0368756263768107,False
utr3_200.NOVA1,0.03448584236617534,0.042315874274933815,False
utr3_200.SFPQ,0.03442456556371799,0.050369549499491365,False
newutr_200.ZRANB2,0.03436940263872576,0.022370336695655885,False
threeutrseqs.uORF,0.034000083670443375,0.0239929194958035,True
newutr_all.HNRNPLL,0.03389354407674825,0.023248090166944513,False
utr3_all.SF1,0.0338692672486552,0.03731047366653323,False
newutr_all.ZFP36L2,0.03375846599057848,0.028505901350065515,False
utr3_200.IGF2BP1,0.03337126277178163,0.03481308102100318,False
newutr_all.MATR3,0.03336552350484364,0.042394095958216624,False
newutr_200.HNRNPK,0.0333273446212186,0.04083703530312358,False
utr3_all.PUM2,0.03311339506397254,0.030879162695581577,False
utr3_all.SFPQ,0.03284417038070294,0.04122635330622226,False
ptc_pm100.KHSRP,0.03284149799343586,0.04270864967003725,False
utr3_200.SRSF3,0.03279473388032128,0.04048614060230814,False
ptc_to_ejc.CELF1,0.03257784235329449,0.024352190222817528,False
utr3_all.ZFP36L2,0.03223302499519794,0.03012857779654139,False
newutr_all.PUM2,0.03204709335965924,0.030782679561363515,False
utr3_all.ERI1,0.03201942449383477,0.029211644091919904,False
newutr_200.G3BP2,0.03190753415742263,0.05634064775493574,False
newutr_all.HNRNPH3,0.03185904779374629,0.03369835188717668,False
ejc_pm100.SF1,0.031747810209005974,0.0407669455838563,False
utr3_200.CELF1,0.03173510960243154,0.03241766168747144,False
ptc_pm100.HNRNPH3,0.03153342046099419,0.02167833552163907,False
newutr_all.CPEB2,0.031442955335896916,0.042343034151401567,False
utr3_all.RBM5,0.03130116298759349,0.04400799048063285,False
utr3_all.EIF4B,0.03109024244142401,0.02823398469328187,False
utr3_all.HNRNPAB,0.0309681250112362,0.029176944346254032,False
ejc_pm100.SRSF1,0.03094161646408843,0.02627514088550558,False
ejc_pm100.CSTF2,0.030035302752093575,0.05009736012089337,False
utr3_all.HNRNPLL,0.030012377769582814,0.033453684222115115,False
newutr_200.RBMX,0.0295047267709511,0.040468959962888774,False
ejc_pm100.PCBP1,0.029374452445982302,0.058748904891964604,False
newutr_all.AGO2,0.029253423099945906,0.025274558063066086,False
newutr_all.TIAL1,0.029028898561202887,0.025632998026071576,False
utr3_all.A1CF,0.028665042032239362,0.025322221636948295,False
utr3_all.RBFOX1,0.02865338655164895,0.030067824782050168,False
newutr_all.TRA2B,0.028473197387251088,0.023608212789815102,False
ptc_pm100.SRSF5,0.02846392279584662,0.03488331714763166,False
ptc_to_ejc.HNRNPF,0.028164479079306515,0.027530271053364117,False
utr3_200.TIA1,0.028107996746673365,0.03951830072130229,False
newutr_200.RBM4,0.027766117620765668,0.05553223524153133,False
utr3_all.AGO1,0.02771673914605085,0.03422751261028614,False
newutr_all.CELF5,0.027656387847146503,0.02353128581445553,False
newutr_200.HNRNPA3,0.027376570605017615,0.03365557052573764,False
ejc_pm100.SRSF2,0.0272413708802481,0.022401935431335934,False
newutr_all.RBM42,0.027117088380801374,0.02385766019981556,False
newutr_all.FXR2,0.0270595751033302,0.0341400620185695,False
newutr_all.DAZAP1,0.02705336823503578,0.022624521992858762,False
newutr_all.FXR1,0.02700496543525448,0.026123705763222593,False
utr3_200.CELF6,0.026689371598020383,0.015609551041211936,False
newutr_all.CPEB4,0.026361489079298982,0.03554305996423666,False
utr3_all.RBMS3,0.02632490067823986,0.02731452517997517,False
utr3_200.SNRPA,0.025990255094844296,0.05198051018968859,False
newutr_all.HNRNPC,0.025788478483981005,0.034166589945913046,False
ptc_pm100.PCBP2,0.025675939443508617,0.036329597051239816,False
newutr_200.TIAL1,0.02552283840829404,0.022839907571298293,False
utr3_200.ELAVL3,0.025314254197451612,0.027800273337003172,False
utr3_all.HNRNPDL,0.02499353709141041,0.021930693739346682,False
ptc_to_ejc.HNRNPA2B1,0.024827698411982475,0.02280983659282786,False
newutr_all.HNRNPAB,0.02442949214239045,0.026812755144195895,False
utr3_200.TRA2B,0.024329007194496533,0.048658014388993066,False
utr3_all.SRSF2,0.023998670146284644,0.030262143043671055,False
newutr_all.RBM6,0.02349814576901872,0.029798468006300805,False
utr3_all.PABPN1,0.023328082995344158,0.029015850895673476,False
ptc_to_ejc.ZRANB2,0.022944450737104254,0.02655933270173044,False
ejc_pm100.CELF1,0.022786379872960873,0.02225899635698797,False
newutr_200.SAMD4A,0.02247126487343189,0.02758701212245116,False
utr3_200.HNRNPLL,0.022462441609067248,0.029488121756297968,False
utr3_all.SRP14,0.022440548533995637,0.019325805164514737,False
newutr_all.SRSF6,0.021972613949092605,0.03297075949524549,False
utr3_all.HNRNPA1,0.0214922058376013,0.0275308414506527,False
newutr_200.SNRPA,0.02112843968749806,0.01885926765512904,False
newutr_all.HNRNPA1L2,0.021062174148608385,0.017922224624212633,False
newutr_all.TUT1,0.020825085037215446,0.02365110292003476,False
ptc_to_ejc.MBNL1,0.020720890203454956,0.02538305709367581,False
newutr_all.FUS,0.02051918894215663,0.02621267576056603,False
newutr_all.SRSF3,0.020086500810203668,0.018157360829955012,False
utr3_all.KHSRP,0.01996454946746002,0.024451730856595418,False
ptc_to_ejc.TIA1,0.019950146524856275,0.0187454963066722,False
ejc_pm100.YBX2,0.019664998816128355,0.022149269875557216,False
ptc_to_ejc.PCBP1,0.0196566369006482,0.02477267901971838,False
ptc_to_ejc.IFIH1,0.019404835661768004,0.022715565156913156,False
ejc_pm100.HNRNPF,0.019128366381031905,0.02352487691407405,False
newutr_all.RBMS3,0.01900056810591038,0.017279851082344106,False
ptc_pm100.PABPC1,0.018947625929700597,0.037895251859401194,False
newutr_all.ELAVL3,0.018801718733418633,0.03760343746683727,False
ptc_to_ejc.QKI,0.01855194307484253,0.029509869247641454,False
newutr_all.HNRNPD,0.018473952105780494,0.023365738045442834,False
ejc_pm100.SRSF7,0.018078513889840664,0.025625618788261077,False
ejc_pm100.SRSF9,0.018008625099983515,0.03601725019996703,False
newutr_all.PPRC1,0.017949782746890342,0.027746613303246098,False
utr3_200.RBM42,0.01794906416775121,0.00949391792315091,False
ptc_pm100.PUM1,0.017917496628073827,0.017624017730319637,False
utr3_200.FXR1,0.017876796522278502,0.02254387744419642,False
newutr_all.HNRNPH2,0.017756412523139104,0.022124499548463513,False
utr3_all.SRSF4,0.017681919078570717,0.035363838157141426,False
ejc_pm100.HNRNPM,0.01760593705989372,0.02571219520598485,False
utr3_all.SAMD4A,0.017577284021943505,0.023183506222114715,False
ejc_pm100.PABPN1,0.01731110328878454,0.02301032834320266,False
ptc_pm100.ZC3H10,0.017294547901556916,0.015904094711940077,False
utr3_all.G3BP1,0.01717579322372323,0.022311846868570136,False
utr3_200.SRSF5,0.017085429298470515,0.01397184822816332,False
ptc_pm100.TIA1,0.017079203905846586,0.01440020497155309,False
newutr_200.RC3H1,0.01701430674380349,0.026582832275688143,False
ejc_pm100.FXR2,0.01699668401923226,0.009448218796005384,False
ejc_pm100.HNRNPH1,0.016922955882552552,0.0338459117651051,False
ptc_to_ejc.HNRNPH1,0.016573208286524387,0.020366224316876028,False
newutr_200.PCBP1,0.01654433404392926,0.020694143534652595,False
ptc_pm100.LIN28A,0.016383348910792815,0.02389356090596994,False
newutr_all.RALY,0.01633614018275469,0.03267228036550938,False
newutr_all.HNRNPA3,0.01631413406587026,0.019982661687722263,False
newutr_200.HNRNPH2,0.0162879192916576,0.020283030690856293,False
newutr_all.MSI1,0.016048316395371253,0.019684585994966662,False
ptc_pm100.ERI1,0.01598840851584046,0.01573891697988987,False
newutr_200.SRSF9,0.015850431571066602,0.03170086314213321,False
utr3_200.ELAVL1,0.015822420976343083,0.03164484195268616,False
ptc_pm100.RC3H1,0.015727376828614546,0.013688035518027159,False
ejc_pm100.PCBP2,0.01565909818034885,0.019352973154247975,False
utr3_all.MATR3,0.01553193098263143,0.020771696306099346,False
newutr_all.AKAP1,0.015487201104037566,0.020210193625568182,False
newutr_200.HNRNPDL,0.015461157787127708,0.02063156518973737,False
utr3_all.KHDRBS3,0.015382210647722924,0.030764421295445845,False
newutr_all.HNRNPF,0.015294481278270652,0.0188353265015902,False
newutr_200.LIN28A,0.015206751083428921,0.021121420351722153,False
ptc_to_ejc.SRSF7,0.014967208760586862,0.01712265361586752,False
ejc_pm100.SNRNP70,0.014586412119118226,0.017864692066930744,False
utr3_all.SRSF10,0.01440944104764183,0.02881888209528366,False
utr3_all.ELAVL2,0.014332836965344922,0.028665673930689844,False
ptc_pm100.SAMD4A,0.014285393806695097,0.022096721575941187,False
ejc_pm100.HNRNPL,0.014008874581553168,0.02307681424200397,False
newutr_all.RBM25,0.013794875217521324,0.017690876426755802,False
newutr_200.PUM2,0.01371640835233707,0.022188475252556794,False
utr3_all.SNRPB2,0.013710149085428674,0.019592376868806757,False
newutr_200.KHSRP,0.013443995295965938,0.017202982287221953,False
ptc_pm100.HNRNPA2B1,0.01339285218757327,0.016882267171492996,False
utr3_all.ELAVL3,0.01339090332495454,0.02678180664990908,False
newutr_200.KHDRBS3,0.013248234268285256,0.02649646853657051,False
newutr_200.G3BP1,0.01305407696428836,0.015995920014759458,False
ejc_pm100.HNRNPH3,0.013043140332142955,0.016062082383799744,False
utr3_all.NOVA2,0.01295953778766597,0.02591907557533194,False
utr3_200.ELAVL4,0.012844701994109062,0.02568940398821812,False
ptc_pm100.RBM5,0.012508163371407307,0.015320232152054535,False
newutr_all.RBM5,0.012444923975413824,0.016681212391914953,False
newutr_all.KHSRP,0.01237983472346139,0.01545559274000276,False
newutr_200.SRSF4,0.01227798127495339,0.011092407102735832,False
ptc_to_ejc.TARDBP,0.012258565580673142,0.011301008800459056,False
ptc_pm100.SRP14,0.012149653411567238,0.024299306823134477,False
utr3_200.CSTF2,0.012119968767926148,0.024239937535852296,False
ejc_pm100.HNRNPDL,0.011838167221107332,0.01478101677825181,False
ptc_to_ejc.RBFOX1,0.011583931334662532,0.023167862669325065,False
utr3_all.CELF1,0.011385046117685,0.02277009223537,False
utr3_200.DAZAP1,0.01138118536547655,0.013959482664379451,False
utr3_200.ELAVL2,0.011292633828688673,0.022585267657377343,False
ejc_pm100.MBNL1,0.011281932311837434,0.022563864623674868,False
utr3_200.SNRPB2,0.01092828680483982,0.014824860311090053,False
ejc_pm100.SAMD4A,0.010857524911407193,0.021715049822814386,False
ptc_to_ejc.HNRNPA1,0.01074736498368554,0.013162781903066302,False
ptc_pm100.NOVA2,0.010707838136752572,0.013118961333841566,False
utr3_all.CPEB2,0.010688447798004925,0.02137689559600985,False
newutr_all.HNRNPU,0.010616720452987305,0.02123344090597461,False
newutr_200.ESRP2,0.010366325232501028,0.017445089609062853,False
newutr_200.IGF2BP3,0.010126719510943577,0.01823314332930757,False
newutr_200.ZFP36,0.009985552679481658,0.01997110535896332,False
utr3_all.RBM24,0.009960500485049675,0.012289087921223163,False
utr3_all.HNRNPU,0.009832969413368907,0.019665938826737814,False
newutr_all.IGHMBP2,0.009799850685387778,0.019599701370775557,False
utr3_200.SRSF9,0.009792471597749963,0.012301384304337783,False
ptc_to_ejc.CSTF2,0.009741281338056088,0.012531827744104596,False
newutr_200.TRA2A,0.009583128321849507,0.019166256643699017,False
newutr_200.IFIH1,0.009563636079915058,0.011916983997572846,False
ptc_to_ejc.RBM41,0.009393240590551088,0.009584298939289458,False
ejc_pm100.RBMX,0.009145710599147764,0.011202471068913629,False
ptc_to_ejc.SRSF9,0.009055707894601542,0.018111415789203084,False
newutr_200.FXR2,0.008773341383572915,0.01754668276714583,False
ptc_to_ejc.RBM4,0.008617833381713106,0.010570207651222963,False
ejc_pm100.ZRANB2,0.008529268377840465,0.017058536755680934,False
utr3_all.KHDRBS2,0.008508329967413682,0.017016659934827365,False
ejc_pm100.G3BP2,0.008402262499865167,0.016804524999730334,False
ptc_to_ejc.TIAL1,0.008200699580157688,0.010701951764563239,False
newutr_all.RBM14,0.00807110067799957,0.01614220135599914,False
utr3_all.HNRNPC,0.008039256130218326,0.01607851226043665,False
ptc_pm100.ZRANB2,0.008025330246036284,0.010673308210211084,False
ejc_pm100.SRSF10,0.00802327937522464,0.01604655875044928,False
utr3_all.NOVA1,0.007999952651087102,0.0159999053021742,False
ptc_pm100.ZFP36,0.007950033040205386,0.015900066080410773,False
utr3_all.G3BP2,0.007873662428995438,0.015747324857990876,False
ptc_pm100.SRSF9,0.007812127840693373,0.009863642726119046,False
utr3_200.NELFE,0.007675542321770622,0.015351084643541246,False
newutr_200.ELAVL4,0.00764822020435086,0.00979379931412512,False
utr3_200.HNRNPDL,0.007641497838024041,0.015282995676048083,False
ptc_to_ejc.NOVA2,0.007451669843941104,0.014903339687882208,False
utr3_all.HNRNPM,0.007285768445331016,0.014571536890662031,False
ptc_pm100.SNRNP70,0.007082174734525183,0.006091686509527657,False
ptc_to_ejc.FMR1,0.00695636192083534,0.01391272384167068,False
utr3_all.PABPC1,0.006805743649896422,0.013611487299792844,False
newutr_all.SNRPB2,0.006656126762148311,0.013312253524296621,False
ptc_pm100.FMR1,0.0066532106290929415,0.013306421258185883,False
utr3_all.ESRP2,0.006616680877116439,0.013233361754232878,False
newutr_all.SNRNP70,0.006583398907253524,0.013166797814507048,False
ptc_pm100.NONO,0.00655651570514353,0.013113031410287062,False
ejc_pm100.RC3H1,0.006479409111090401,0.012958818222180802,False
utr3_200.AGO1,0.006411606013891414,0.01282321202778283,False
utr3_all.HNRNPA1L2,0.006363921241518748,0.012727842483037495,False
newutr_200.SRSF10,0.006331595691499388,0.012663191382998774,False
utr3_200.SNRNP70,0.006256451492485703,0.004539075204865577,False
newutr_all.NOVA1,0.006014061850708236,0.012028123701416472,False
newutr_200.YBX1,0.005747540638193735,0.011495081276387471,False
utr3_all.RBMS1,0.005681019053041589,0.011362038106083178,False
ejc_pm100.TARDBP,0.0056480357268361096,0.011296071453672219,False
utr3_all.RBMY1A1,0.005448497812990524,0.010896995625981048,False
ptc_pm100.RBM6,0.0054251776019994475,0.010850355203998895,False
utr3_all.NONO,0.0053148628567701054,0.010629725713540211,False
utr3_200.QKI,0.005279901631443077,0.010559803262886153,False
utr3_200.RBFOX1,0.005207753678857467,0.010415507357714933,False
ptc_pm100.HNRNPH1,0.005206776883163419,0.010413553766326838,False
ptc_pm100.CELF5,0.0051840402741203445,0.010368080548240687,False
ptc_pm100.IGF2BP2,0.0051362453186517085,0.010272490637303417,False
newutr_200.ENOX1,0.005134388188622537,0.010268776377245074,False
ejc_pm100.CELF6,0.005064692716247397,0.010129385432494795,False
newutr_200.FMR1,0.005062503902870748,0.010125007805741496,False
newutr_all.HNRNPA1,0.005052178235304843,0.010104356470609687,False
ptc_pm100.HNRNPL,0.004872473046862579,0.009744946093725159,False
newutr_200.NOVA2,0.004813546534728831,0.009627093069457662,False
newutr_all.SRSF7,0.004777353203668425,0.00955470640733685,False
ptc_pm100.G3BP2,0.004626165897328117,0.009252331794656234,False
ejc_pm100.LIN28A,0.004537803234184378,0.009075606468368755,False
ejc_pm100.KHDRBS3,0.004525557697463522,0.009051115394927044,False
ejc_pm100.RBMY1A1,0.0044448711754119475,0.005473055695604369,False
ptc_pm100.G3BP1,0.004334989844450968,0.008669979688901937,False
newutr_200.QKI,0.00417894080747791,0.006047670031686993,False
newutr_200.YBX2,0.004152599121665981,0.004634130590830851,False
utr3_200.U2AF2,0.004097174115835457,0.008194348231670914,False
ejc_pm100.NOVA1,0.0039988630985133555,0.007997726197026711,False
utr3_200.SRSF4,0.003862673433580973,0.0077253468671619465,False
utr3_all.RBM14,0.0037474005972720076,0.007494801194544016,False
newutr_all.A1CF,0.003737352281448084,0.007474704562896168,False
newutr_200.CSTF2,0.0037349000999132584,0.007469800199826517,False
ptc_pm100.IGF2BP3,0.003543156899535728,0.007086313799071456,False
ptc_pm100.RBMX,0.003541604210886627,0.007083208421773254,False
ptc_pm100.FXR2,0.0034547727227002695,0.006909545445400539,False
ptc_to_ejc.YBX1,0.00339872731301571,0.00679745462603142,False
utr3_200.SRP14,0.003342781399079342,0.006685562798158684,False
ptc_to_ejc.PABPC3,0.0033343888813343594,0.006668777762668719,False
ejc_pm100.CNOT4,0.0033222825325399234,0.006644565065079847,False
utr3_all.RBM25,0.0033167302706792858,0.0066334605413585716,False
ptc_pm100.EIF4B,0.003299809868969853,0.006599619737939706,False
ejc_pm100.SNRPA,0.003251954028000351,0.006503908056000702,False
newutr_200.ERI1,0.003108755166794851,0.006217510333589702,False
utr3_200.PUM2,0.003104539627121354,0.006209079254242708,False
ptc_pm100.IGF2BP1,0.003061369599122319,0.006122739198244639,False
ptc_to_ejc.SRSF4,0.0030170584463123174,0.006034116892624635,False
ptc_pm100.SSB,0.002975468924965098,0.005950937849930196,False
ptc_pm100.HNRNPM,0.002962643706900677,0.005925287413801354,False
ptc_pm100.RBFOX1,0.0029433924062929285,0.005886784812585857,False
ejc_pm100.NONO,0.0028930774125744754,0.00578615482514895,False
ptc_to_ejc.KHSRP,0.002885230734104935,0.00577046146820987,False
ejc_pm100.RBM6,0.002881410144087141,0.005762820288174281,False
ptc_to_ejc.CNOT4,0.0028543212686228817,0.005708642537245763,False
ejc_pm100.ELAVL3,0.002772038553111319,0.005544077106222638,False
utr3_200.IFIH1,0.002703216405533611,0.005406432811067222,False
ptc_pm100.NELFE,0.0024366639184474088,0.0048733278368948175,False
utr3_all.PABPC3,0.002345019287094006,0.004690038574188012,False
ptc_to_ejc.EIF4B,0.0023118763099638133,0.004623752619927627,False
newutr_200.SNRPB2,0.002180513751434867,0.0043610275028697345,False
newutr_all.RBM3,0.0020304807375212796,0.004060961475042559,False
ptc_pm100.MATR3,0.0019448487896076973,0.0038896975792153945,False
newutr_200.U2AF2,0.001902832412345283,0.003805664824690566,False
utr3_200.RBM3,0.0016211010523033576,0.0032422021046067152,False
ejc_pm100.CPEB2,0.0016014514722924964,0.0032029029445849928,False
newutr_200.AKAP1,0.0015825706557731558,0.0009446922832984513,False
ptc_pm100.TUT1,0.001525914468398184,0.003051828936796368,False
ptc_to_ejc.G3BP2,0.0015224812485499892,0.003044962497099979,False
ptc_pm100.AGO2,0.0014656031084665558,0.0029312062169331117,False
ptc_to_ejc.TUT1,0.001131771397622111,0.0022635427952442224,False
newutr_all.ZNF638,0.0011023585664730131,0.0022047171329460263,False
ptc_to_ejc.HNRNPAB,0.0010490775779777425,0.002098155155955485,False
ejc_pm100.AKAP1,0.000996631431683557,0.001313832386702861,False
ptc_pm100.ANKHD1,0.0004903339837908675,0.000980667967581735,False
utr3_200.ZNF638,0.000390131881086434,0.0007802637621728681,False
newutr_all.SRSF1,0.00035756510127999487,0.0007151302025599899,False
ejc_pm100.KHDRBS2,0.00035040503358734013,0.0007008100671746803,False
ptc_to_ejc.DDX19B,0.0003244189898241899,0.0006488379796483798,False
newutr_200.RBM28,0.00028723731659315835,0.0005744746331863167,False
utr3_all.HNRNPH1,0.0,0.0,False
utr3_all.SNRNP70,0.0,0.0,False
utr3_all.RBM28,0.0,0.0,False
ptc_to_ejc.HNRNPU,0.0,0.0,False
ptc_to_ejc.HNRNPM,0.0,0.0,False
ptc_to_ejc.HNRNPLL,0.0,0.0,False
ptc_to_ejc.HNRNPH2,0.0,0.0,False
ptc_pm100.QKI,0.0,0.0,False
utr3_all.HNRNPF,0.0,0.0,False
newutr_all.RBM28,0.0,0.0,False
has_plus1_aug,0.0,0.0,True
ptc_pm100.RBM24,0.0,0.0,False
newutr_all.RBM41,0.0,0.0,False
newutr_all.RBMS1,0.0,0.0,False
ptc_pm100.HNRNPDL,0.0,0.0,False
utr3_all.CNOT4,0.0,0.0,False
ptc_to_ejc.LIN28A,0.0,0.0,False
utr3_all.RALY,0.0,0.0,False
utr3_all.RBM42,0.0,0.0,False
utr3_200.HNRNPA2B1,0.0,0.0,False
ejc_pm100.ZC3H10,0.0,0.0,False
ptc_to_ejc.SRSF5,0.0,0.0,False
ejc_pm100.YBX1,0.0,0.0,False
utr3_200.HNRNPA3,0.0,0.0,False
ejc_pm100.TIAL1,0.0,0.0,False
ptc_to_ejc.RBM6,0.0,0.0,False
ejc_pm100.SSB,0.0,0.0,False
utr3_all.KHDRBS1,0.0,0.0,False
utr3_all.IGF2BP3,0.0,0.0,False
utr3_all.IGF2BP2,0.0,0.0,False
newutr_all.HNRNPH1,0.0,0.0,False
newutr_all.HNRNPK,0.0,0.0,False
newutr_all.IGF2BP2,0.0,0.0,False
ejc_pm100.NOVA2,0.0,0.0,False
utr3_all.HNRNPD,0.0,0.0,False
utr3_200.ESRP2,0.0,0.0,False
utr3_200.SRSF10,0.0,0.0,False
utr3_200.ZFP36L2,0.0,0.0,False
utr3_all.ZC3H10,0.0,0.0,False
newutr_200.RBM6,0.0,0.0,False
ejc_pm100.EIF4B,0.0,0.0,False
utr3_200.TUT1,0.0,0.0,False
ptc_pm100.TARDBP,0.0,0.0,False
utr3_200.TRA2A,0.0,0.0,False
newutr_200.ELAVL1,0.0,0.0,False
ejc_pm100.CELF4,0.0,0.0,False
utr3_200.TARDBP,0.0,0.0,False
utr3_200.CPEB4,0.0,0.0,False
newutr_200.IGF2BP2,0.0,0.0,False
utr3_all.ELAVL4,0.0,0.0,False
newutr_200.PPRC1,0.0,0.0,False
ptc_pm100.SRSF10,0.0,0.0,False
ptc_pm100.CELF4,0.0,0.0,False
newutr_200.PUM1,0.0,0.0,False
ptc_to_ejc.FUS,0.0,0.0,False
ptc_pm100.RBM41,0.0,0.0,False
ptc_to_ejc.HNRNPA3,0.0,0.0,False
utr3_200.LIN28A,0.0,0.0,False
ejc_pm100.IGF2BP2,0.0,0.0,False
ptc_to_ejc.FXR1,0.0,0.0,False
ejc_pm100.HNRNPLL,0.0,0.0,False
ptc_pm100.HNRNPA3,0.0,0.0,False
utr3_200.ENOX1,0.0,0.0,False
newutr_all.YBX1,0.0,0.0,False
ptc_pm100.ELAVL1,0.0,0.0,False
ptc_pm100.DDX19B,0.0,0.0,False
ptc_pm100.CPEB2,0.0,0.0,False
ejc_pm100.HNRNPAB,0.0,0.0,False
utr3_200.ZRANB2,0.0,0.0,False
utr3_all.RBM3,0.0,0.0,False
