feature,importance_mean,importance_std,is_categorical
last.EJC,12.73103476662251,1.0614435626628551,True
relativePTClocation,5.703519662098711,0.6698355002489692,False
half_life_PC1,5.287863940569762,0.6422677742986294,False
cdsseqs_AU_content,3.3909362100243507,0.45642379348551154,False
MedianExpression_log2,3.0578241715814327,0.3673470038320031,False
mut.exon,2.6991782747188147,0.8345240191986614,False
log2_CDS,2.220107162008838,0.3598770389608357,False
cdsseqs_UC_content,2.0298978876732883,0.2323169078396282,False
phylop_ptc_to_ejc_median,1.4818573947292975,0.3668698889317758,False
cdsseq_AUcontentlast200,1.436102694800415,0.2820119263064871,False
AmountExonsAfter,1.3868731364044766,0.46622052185078583,False
threeUTR_UC_content,1.2717188639640509,0.434302283187011,False
isoform_count,1.2446364972987947,0.3540519029292574,False
phastcons_new3utr_first200_median,1.225859513633361,0.3576077470684671,False
first.200,1.206716081834029,0.2818552818546337,True
ejc_count_in_window,1.1943899896485894,0.18555871890278547,False
readthrough_score_hek293t,1.1881487567452624,0.2554188310976432,False
CADD_phred,1.1820957618078152,0.3680737143200864,False
fiveUTR_AU_content,1.0619679095369652,0.1983422371811831,False
CodonOptimalityFraction_CDS,0.9503295377695847,0.3573493949738504,False
gnomAD_exome_ALL,0.9392022229175199,0.18572501542395883,False
first.100,0.8958627558748372,0.4286637553545051,True
length.mutated.exon,0.878763641036131,0.25741611709330414,False
threeUTR_AU_content,0.8525679277941425,0.18527617247480643,False
CodonOptimalityFraction_PTCpm100nt,0.8273197562327115,0.12005012705400908,False
fiveUTR_UC_content,0.7980062362716784,0.11167311385030489,False
phylop_utr5_first200_median,0.7788788881979197,0.20636629117135352,False
phylop_old3utr_whole_median,0.7054856707968343,0.24109203567534906,False
relPTC_exon,0.6958314463168375,0.15429265271986978,False
fiveUTR_AUcontentfirst100,0.6793063038742055,0.2906833015916707,False
PTC.plus1.aa,0.6598029641901283,0.5035017070962678,True
log2_5utr,0.659736559484772,0.240949820499973,False
cdsseq_UCcontentfirst200,0.6481876468707843,0.08447014823615223,False
fiveUTR_UCcontentlast100,0.5891690313068345,0.1569878392404675,False
phastcons_utr5_first200_median,0.5863097601844194,0.22599360940730884,False
fiveUTR_UCcontentfirst100,0.5822544589459782,0.2632614979803076,False
cdsseq_UCcontentlast200,0.580590087454676,0.17901617940351955,False
phylop_ejc_100bp_median,0.5684341870350187,0.1891183309172935,False
phylop_new3utr_first200_median,0.5626700162626141,0.16722901731021694,False
ThreeUTR_UCcontentfirst100,0.5591353820900753,0.20895861969711949,False
noncoding.length,0.5299147315947998,0.27197965129649687,False
cdsseq_UCcontentlast100,0.5210057077874632,0.07223090500502968,False
PTC_dist_exon_start_1b,0.5120843578431364,0.039790234759604734,False
phastcons_ptc_to_ejc_median,0.49081519003249563,0.24858077803791864,False
fiveUTR_AUcontentlast100,0.4903926821627347,0.2419724177683631,False
phylop_ptc_100bp_median,0.4838544733943018,0.05655299681350388,False
phastcons_ptc_100bp_median,0.47239307582237683,0.14072808254475028,False
phylop_tx_whole_median,0.4589897181537831,0.14722446485524143,False
log2newUTR,0.4548590572108653,0.20828730641992052,False
newutr_all.G3BP1,0.4512410801309404,0.21955558950969242,False
cdsseq_UCcontentfirst100,0.44693872024703374,0.039194103849395985,False
aug_distance_category,0.4400287789094433,0.27317213781581995,True
cdsseq_AUcontentfirst200,0.43363822533593294,0.10552028496973305,False
cdsseq_AUcontentlast100,0.4292923686736854,0.13266016502086658,False
ThreeUTR_AUcontentlast100,0.4157881074300985,0.22173979023610627,False
phastcons_ejc_100bp_median,0.40824457268346154,0.21577526865098745,False
phastcons_new3utr_whole_median,0.4072435260162873,0.09622717033100539,False
ThreeUTR_UCcontentlast100,0.3785750384348475,0.09951703387311553,False
ThreeUTR_AUcontentfirst100,0.37592935020027224,0.11959650481033712,False
PTC.minus1.aa,0.375246951767402,0.28107648310849026,True
newutr_200.IFIH1,0.344663675141405,0.1861252874884004,False
phylop_new3utr_whole_median,0.3353256410971516,0.20770674193444227,False
cdsseq_AUcontentfirst100,0.32427389543176527,0.07451166001052338,False
EJC.downstream.cut,0.30012755340196806,0.18869598759719106,True
utr3_all.SRSF7,0.29382969887299154,0.20901414783743383,False
phastcons_utr5_whole_median,0.2933860937749774,0.1995114032394321,False
phastcons_tx_whole_median,0.29196441973060716,0.07615052657689549,False
aug_frame_status,0.28876833753726505,0.11807868018387964,True
log2_3utr,0.28259634278748813,0.1554496299728253,False
newutr_all.SRP14,0.27256921020773917,0.1712764839716552,False
ptc_to_ejc.SFPQ,0.26230473754834643,0.1891169982273896,False
phylop_old3utr_first200_median,0.24235851552190804,0.22724507332970814,False
phastcons_old3utr_whole_median,0.2265020192861189,0.12715740937957118,False
newutr_all.ELAVL2,0.2231883819916604,0.1443929510811547,False
ejc_pm100.FMR1,0.20609204131260705,0.14790587461798302,False
kozak_strength,0.20546516517947527,0.10421832855323591,True
fiveutrseqs.uORF,0.1896098111306163,0.08205680704353083,True
ejc_pm100.CELF1,0.18264465453036963,0.13343195003339478,False
newutr_200.SFPQ,0.179747992361184,0.1969618694956593,False
newutr_all.ZC3H10,0.1783635164830518,0.08638088858509799,False
long.exon,0.1695230279033721,0.19794343435867146,True
utr3_200.RBMX,0.16794453626336373,0.1059369440506854,False
PTC.plus2.aa,0.16335461401896006,0.12091921238911182,True
utr3_all.NELFE,0.16037002998971844,0.09896403442903243,False
PTC.minus2.aa,0.15557592683305232,0.15111355236770976,True
ptc_pm100.SRSF3,0.15059858548431646,0.06393952428777772,False
ptc_pm100.SRSF6,0.14886889362234235,0.20673439087895817,False
ptc_pm100.NELFE,0.1471102160076828,0.09146944783494163,False
ptc_pm100.TRA2B,0.142786464841708,0.062427625233290235,False
utr3_200.SRSF7,0.1406324365078945,0.14760408227975613,False
newutr_all.RBMX,0.1399991978980309,0.15168400489140607,False
ptc_pm100.ZC3H10,0.13757600226785174,0.1293991996484115,False
ptc_pm100.HNRNPA1,0.13748642114259718,0.07863321022244592,False
newutr_all.HNRNPM,0.13748603845827018,0.043572827565362474,False
ptc_pm100.TIA1,0.13692938917451364,0.027258033606822527,False
utr3_all.TRA2B,0.13679316840282213,0.07449466435527681,False
ptc_to_ejc.HNRNPH1,0.13672603136164224,0.18730819107253902,False
ptc_to_ejc.IFIH1,0.13660631884007723,0.15688339976217994,False
newutr_all.KHSRP,0.13264481688547008,0.08270997411512399,False
newutr_all.AGO1,0.12816573599259087,0.08410117724774892,False
newutr_all.RBM4,0.127449179521308,0.08351655280940996,False
utr3_200.SRSF2,0.1262943633404981,0.08178587227337758,False
ejc_pm100.PTBP1,0.12618652474490347,0.14997567715861618,False
newutr_200.SRSF3,0.12538660457110226,0.16287954903638738,False
newutr_all.PABPC5,0.12351751464041852,0.1363132601076733,False
newutr_all.HNRNPDL,0.12222862653541353,0.17831153477909623,False
utr3_200.PCBP1,0.12101342819838483,0.06282351721440951,False
ptc_to_ejc.HNRNPH2,0.11988640559591353,0.13028801877909674,False
newutr_all.LIN28A,0.11702745782125887,0.1255953982640179,False
utr3_all.CSTF2,0.11615891945322634,0.11087654078612393,False
newutr_all.PABPC3,0.11611629737762055,0.08378599594600458,False
ejc_pm100.SRSF3,0.11440425419009606,0.10734864056707873,False
phastcons_old3utr_first200_median,0.11331657174393195,0.05093192775631932,False
ptc_pm100.NOVA2,0.11293291745348735,0.07787595842170236,False
ptc_pm100.LIN28A,0.1119879685679642,0.08225537613265586,False
newutr_200.CELF1,0.11023015994844827,0.05600026816402786,False
newutr_200.HNRNPA2B1,0.1045788865863581,0.16143947994118443,False
ejc_pm100.SRSF6,0.10345146310967168,0.08792696698094182,False
threeUTR.PTBP1,0.09796757694083716,0.07867856213187274,True
newutr_all.RBFOX1,0.0976368205722691,0.08356063032032734,False
newutr_all.ESRP2,0.09741235109495176,0.08246158931380108,False
utr3_200.HNRNPF,0.0963620169012831,0.06747109394624212,False
ptc_pm100.HNRNPH2,0.09593884578563751,0.08968162012625856,False
newutr_200.MBNL1,0.09559494377585098,0.07816561094448762,False
ptc_pm100.SFPQ,0.092035221115873,0.11235472067973887,False
newutr_all.HNRNPL,0.09113060713114321,0.05071285998579497,False
newutr_200.RC3H1,0.09023759173160405,0.0723493267342939,False
ptc_to_ejc.PTBP1,0.08956889473666167,0.08559034102391833,False
newutr_200.SRSF6,0.08943509484189101,0.08777527364984729,False
utr3_200.SRSF9,0.08865480838780132,0.029937455798564758,False
utr3_200.CELF1,0.08699099937150541,0.11666955374926362,False
newutr_200.PTBP1,0.08660465957655117,0.05021560177570671,False
utr3_all.RBM4,0.08583241686770063,0.0646993958802283,False
ejc_pm100.NOVA2,0.08582569083197694,0.03928364818501407,False
newutr_all.NOVA1,0.08534514595295427,0.11963174875284432,False
utr3_all.KHSRP,0.0844866250735534,0.07439933024508545,False
newutr_all.NOVA2,0.08432348308885922,0.07404070296106552,False
newutr_200.HNRNPM,0.08318406095493978,0.02969608172554334,False
ptc_to_ejc.SRSF6,0.08290896052363063,0.06638052326897953,False
utr3_200.CSTF2,0.08274184939919334,0.11241396804351947,False
utr3_all.AGO2,0.08228019544414475,0.06964864088963799,False
utr3_all.LIN28A,0.08099950567782806,0.08063305373475249,False
utr3_200.PTBP1,0.08088387356812485,0.07232495141974912,False
utr3_all.KHDRBS1,0.08085260155188048,0.0740600137503764,False
utr3_all.RBM24,0.07992774034830434,0.10334361661700456,False
newutr_200.SRSF7,0.07937982223237539,0.06643854782116707,False
ptc_pm100.MBNL1,0.07865859193530826,0.05748966578910049,False
newutr_200.TRA2B,0.07717803292142915,0.04952825915164433,False
utr3_200.PABPC5,0.0767572067227016,0.08101382027863688,False
utr3_200.RBM4,0.07613896677344853,0.055840731991061876,False
ptc_pm100.PTBP1,0.07430689755027384,0.0708389445921397,False
ejc_pm100.SRSF7,0.07404202445293848,0.13229543549699793,False
newutr_all.KHDRBS1,0.07286709949193011,0.043365139843436776,False
ejc_pm100.HNRNPH2,0.07244452468557487,0.05036641069178346,False
newutr_200.HNRNPH1,0.07237263356595747,0.05982177378566054,False
newutr_all.CNOT4,0.07190543694875715,0.051987332477390076,False
utr3_all.HNRNPA3,0.07100914651649322,0.043970738459837164,False
ptc_pm100.FMR1,0.07039631554295958,0.03993829431179069,False
utr3_all.FMR1,0.07020249896309905,0.06906010532215415,False
utr3_all.ELAVL1,0.06957427545569579,0.08304759852806874,False
utr3_200.RBM5,0.06955722154316824,0.10886749201980588,False
newutr_all.RBM24,0.06909303479865894,0.06278682594123972,False
utr3_200.SRSF3,0.0690096173799339,0.05814529113563439,False
ptc_pm100.SNRPA,0.06877051114225918,0.08228929933511675,False
utr3_all.U2AF2,0.06842171232589665,0.10755511653937454,False
utr3_all.RBMX,0.06824281448130345,0.08029077433062601,False
ptc_pm100.SRSF5,0.06824005992729967,0.025440291848863494,False
fiveUTR.introns,0.06647948399847506,0.04747788275407455,True
ejc_pm100.TRA2B,0.06635400220723772,0.03594094158714373,False
ptc_pm100.ERI1,0.06603556934645469,0.08256605292911555,False
utr3_all.TRA2A,0.06596482911906144,0.06050829362738281,False
ptc_pm100.SRSF10,0.06537767257144775,0.05686294752864054,False
utr3_200.HNRNPH3,0.06476509999543306,0.058852505717975026,False
ptc_pm100.HNRNPA2B1,0.06343320328860513,0.03497886337944327,False
newutr_all.HNRNPAB,0.062286852897481725,0.052174870788007616,False
utr3_200.SF1,0.06213507375809983,0.05935516204336885,False
newutr_all.RBMY1A1,0.061977396605690474,0.07785120267730261,False
utr3_all.TARDBP,0.061362744138509374,0.09793551402157556,False
ptc_pm100.SRSF7,0.06086712674425228,0.08079321261381038,False
loeuf_cat,0.06061544391014323,0.035605877505240344,True
ejc_pm100.HNRNPA1,0.060584861882166094,0.049674064817824375,False
newutr_all.RC3H1,0.05993547147998759,0.058873693954078016,False
utr3_200.SRSF6,0.059400709198588406,0.07306657211588229,False
ptc_to_ejc.ZFP36,0.05935233226344533,0.05368186271147555,False
ejc_pm100.HNRNPK,0.05890488306297144,0.07535740936100266,False
ptc_pm100.SF1,0.058599273360880236,0.06513779558734772,False
utr3_all.ELAVL2,0.058485101305318365,0.06105619103515255,False
utr3_all.CELF6,0.05789370350660028,0.05084855110674824,False
utr3_200.HNRNPK,0.05784935580792715,0.047982233753973536,False
utr3_all.MATR3,0.0570203871112678,0.04430463990529954,False
ptc_pm100.PCBP1,0.056499441267920746,0.0520401248894479,False
has_plus2_aug,0.05517057192455688,0.08009304740714808,True
newutr_all.IFIH1,0.05492564233860331,0.08541323187251097,False
newutr_all.G3BP2,0.054660794064921484,0.05093928016890929,False
newutr_200.YBX1,0.054257461819900835,0.03739268561021396,False
ptc_to_ejc.SRSF1,0.05371886842807089,0.06608376782342054,False
utr3_200.SFPQ,0.0535481277448485,0.035018840025502505,False
utr3_all.SRSF5,0.05350311644169483,0.057891479755425336,False
newutr_200.HNRNPF,0.053297828542170314,0.05179055456066572,False
newutr_all.ELAVL1,0.0530239692772279,0.028088223065553836,False
newutr_all.YBX2,0.05275459978419679,0.04070473834527306,False
newutr_all.IGF2BP1,0.0525956210381787,0.04359099872696264,False
newutr_all.MATR3,0.052568232469780415,0.04644300124001438,False
ejc_pm100.HNRNPH1,0.05234439373180427,0.06585772811961146,False
utr3_all.RBM6,0.05223678677125544,0.06431594387110356,False
utr3_200.AGO2,0.05204561441109623,0.06391919309850605,False
newutr_all.SART3,0.05198302458010445,0.043239523389905485,False
utr3_all.NONO,0.051230173920547774,0.04937376816348219,False
utr3_all.NOVA1,0.050586825235948416,0.04071654107635684,False
utr3_all.MBNL1,0.050494186573787195,0.048688421239007046,False
ejc_pm100.SFPQ,0.050285450827859866,0.0275604825402497,False
newutr_all.U2AF2,0.05022968937291986,0.051647510739169525,False
newutr_200.HNRNPH2,0.050050349467921626,0.04790495983306758,False
newutr_200.PCBP1,0.04999986793563363,0.06037648928258295,False
utr3_all.RC3H1,0.0498917269220568,0.0612056641142676,False
utr3_200.HNRNPA1,0.049860057028631444,0.008821762176346974,False
utr3_200.YBX1,0.04984847857883114,0.04738101605523005,False
newutr_200.TIA1,0.04971181446344268,0.08219107379202713,False
utr3_all.SNRNP70,0.049306210256866684,0.04262079178987735,False
newutr_200.HNRNPA1,0.04896268695348195,0.02949489291216048,False
ptc_to_ejc.SF1,0.04879265970373281,0.043057979976596994,False
newutr_200.SAMD4A,0.04876741017146113,0.028618711019322396,False
ptc_pm100.PUM1,0.04874560466628281,0.047153842794464225,False
utr3_200.HNRNPLL,0.048107146455091156,0.04098909809897016,False
newutr_all.PUM1,0.04797661402362074,0.031508992711456456,False
utr3_all.SNRPA,0.04770038203235743,0.07604751198023714,False
ejc_pm100.ENOX1,0.04750462886124256,0.03682669891113023,False
newutr_all.CELF6,0.047490374746955145,0.06074026690644388,False
ptc_pm100.ZRANB2,0.047411247604771015,0.07701262448293406,False
utr3_all.SRSF3,0.04722754590776054,0.041055871965147546,False
ejc_pm100.SRSF5,0.04697177667681953,0.0452732953563391,False
ptc_to_ejc.NOVA2,0.04696354087256126,0.05299740654818186,False
utr3_all.HNRNPA2B1,0.04674852581436608,0.038282751584770305,False
newutr_200.HNRNPK,0.04647566162271639,0.038379846127610424,False
newutr_all.QKI,0.04598592175031697,0.04797572054470343,False
ejc_pm100.SART3,0.04590730134588093,0.042401709189868485,False
utr3_200.HNRNPAB,0.04586037959675503,0.057144366755800834,False
pLI.cat,0.04553381517921258,0.02668028195832721,True
newutr_all.SNRPB2,0.045278305240455105,0.023342805372205268,False
ptc_pm100.CELF1,0.045266534295143455,0.0058929789940925376,False
ejc_pm100.G3BP1,0.04514302567155044,0.05178164793293111,False
ptc_to_ejc.HNRNPA1,0.04513074822102342,0.026779609558116986,False
newutr_200.SRSF5,0.04497404775386622,0.045764711976405734,False
threeutrseqs.uORF,0.04491144961266964,0.03099800243839456,True
utr3_all.PABPN1,0.04480139033842672,0.04599963806091929,False
newutr_all.MSI1,0.04443961842106468,0.04620342636181309,False
newutr_all.RBM42,0.04438070069010223,0.043097389029086886,False
threeUTR.introns,0.04437023754797549,0.05242441497999949,True
newutr_200.FMR1,0.04433953107017437,0.03545728884405796,False
ptc_to_ejc.ENOX1,0.04430683329575437,0.05001473042211299,False
newutr_200.SRSF2,0.04372893375477034,0.04263940132690307,False
newutr_200.RBM4,0.043575773319466694,0.05477034542940514,False
ptc_pm100.YBX1,0.043534933753029414,0.06817969058453965,False
newutr_all.RBM6,0.04312726646265638,0.04453390809115169,False
utr3_200.ZFP36,0.04285747558333055,0.039942506345241095,False
utr3_all.HNRNPL,0.04263014006843928,0.026726383562550148,False
utr3_200.PUM1,0.04232821121395362,0.04041634557851209,False
minus1_is_G,0.04224388367413334,0.055948310535275485,True
utr3_all.HNRNPLL,0.04214288489326577,0.05229271698111713,False
newutr_all.ZRANB2,0.04100098243841806,0.04026057615419884,False
utr3_all.HNRNPF,0.04099065242724524,0.05061874698163777,False
ejc_pm100.YBX1,0.04062684290651816,0.04139810922431165,False
utr3_all.SRSF10,0.04043295040076826,0.08086590080153652,False
ptc_pm100.SAMD4A,0.040428302534093276,0.03836351759035705,False
ejc_pm100.SNRPA,0.04040289723342022,0.054931909990836275,False
newutr_all.PABPN1,0.040334553543365556,0.03356668083373962,False
ejc_pm100.HNRNPF,0.040093138563867835,0.050227789728628354,False
newutr_all.DAZAP1,0.03923127168159416,0.03152527747695965,False
utr3_all.SF1,0.03914581638587828,0.07829163277175656,False
ptc_to_ejc.CSTF2,0.03904306257057638,0.03765877647659891,False
newutr_200.LIN28A,0.038982952815364666,0.036571191620346055,False
utr3_all.ENOX1,0.038592142405680825,0.047737362726742755,False
newutr_200.SRSF10,0.0385529470088356,0.03903007551160299,False
ptc_to_ejc.SRSF2,0.03852672323581598,0.04753037308887881,False
ptc_pm100.HNRNPA3,0.038423960607790894,0.04709341169645045,False
utr3_200.SRSF10,0.03809830618169662,0.03835131961426348,False
utr3_200.NOVA1,0.037773681464218764,0.039390327726545826,False
newutr_all.HNRNPA1L2,0.037549711401282174,0.03741034277991559,False
newutr_all.RBM14,0.03729055121365163,0.03178780190553157,False
utr3_200.FMR1,0.03683255349529526,0.040998499023310125,False
ptc_to_ejc.NELFE,0.03668398086975745,0.023309822279447456,False
ptc_to_ejc.SRSF3,0.0364988511201089,0.046989606968418265,False
utr3_all.PCBP2,0.03584917104402997,0.044021397593440134,False
newutr_all.ELAVL4,0.03583416588775952,0.07166833177551904,False
utr3_all.RBM41,0.03580607249366223,0.03496082660002041,False
newutr_200.G3BP2,0.03576574336612308,0.027733040179078457,False
ejc_pm100.RBM5,0.03556085285488684,0.031077875636080804,False
newutr_all.HNRNPA3,0.034818554301823304,0.04927142929390432,False
newutr_200.ZRANB2,0.034543222741153,0.021936183295755852,False
ptc_pm100.HNRNPH3,0.03418440228979504,0.029016582946851926,False
utr3_all.CELF1,0.034002852417156726,0.06800570483431347,False
utr3_all.AGO1,0.033745291241493204,0.03326444458437955,False
ejc_pm100.HNRNPA2B1,0.03367779164801515,0.06735558329603028,False
utr3_all.RBM5,0.033648147276942555,0.036965630347160106,False
utr3_200.PCBP2,0.033558382353965535,0.04156908791174664,False
newutr_all.SF1,0.03314599485076909,0.04427587974208126,False
newutr_all.FXR2,0.03298815334287315,0.032093145985166265,False
ptc_to_ejc.YBX1,0.032792103603617236,0.04514168638351957,False
newutr_all.NONO,0.032611685555214966,0.028378135590202993,False
newutr_all.FXR1,0.03258826814811631,0.06517653629623262,False
ptc_to_ejc.HNRNPF,0.03257726679933078,0.04131659821065125,False
utr3_200.NELFE,0.03247091340954074,0.05187367588243982,False
ptc_pm100.TARDBP,0.03233566593315625,0.028417579909116093,False
newutr_all.ENOX1,0.03175767372474185,0.06351534744948369,False
utr3_all.HNRNPM,0.03144446377761921,0.030928818982524073,False
newutr_all.IGHMBP2,0.031182153570565956,0.03826820737574749,False
newutr_200.HNRNPH3,0.03095530214531913,0.04854903195288809,False
newutr_all.NELFE,0.030783275636538505,0.039943173494858306,False
newutr_all.IGF2BP3,0.03054543642235289,0.04468764675248848,False
utr3_all.HNRNPD,0.030259787052061983,0.060519574104123966,False
ejc_pm100.SRSF1,0.030223234714904835,0.06044646942980967,False
utr3_all.PCBP1,0.03018666767463294,0.027553904605409078,False
utr3_all.SAMD4A,0.02975387823401853,0.03726911859460592,False
newutr_200.HNRNPA3,0.029690886320231848,0.03831777779836655,False
ptc_pm100.HNRNPK,0.02917280930115799,0.03714377057608163,False
newutr_200.SF1,0.029135105820938458,0.02565738443564374,False
newutr_200.TARDBP,0.02899570727329185,0.024143499263339505,False
newutr_200.QKI,0.028961103095860325,0.040588739320233685,False
utr3_200.SRSF1,0.028921661964355194,0.03607441446299174,False
newutr_all.SRSF10,0.028782904749832798,0.04458561459414066,False
ejc_pm100.HNRNPH3,0.028735651296606258,0.03743497451197888,False
newutr_all.SNRNP70,0.028633216943211297,0.02339786982738509,False
ejc_pm100.CELF6,0.028427801531389123,0.04336789022121708,False
newutr_all.PUM2,0.028242314689715615,0.041960995195446896,False
utr3_all.HNRNPH2,0.028167757393855943,0.024627136532352482,False
utr3_all.ELAVL3,0.027999669022560448,0.024231293087788052,False
minus2_is_G,0.02781551861566852,0.0360934296127868,True
newutr_all.CELF4,0.027475780348848615,0.035609984494439424,False
ptc_to_ejc.HNRNPH3,0.026930871652403078,0.03338434510480945,False
utr3_200.SRSF4,0.026716527868134242,0.05343305573626849,False
ptc_to_ejc.HNRNPA2B1,0.0264095316104556,0.03547763284863307,False
ejc_pm100.SF1,0.02636069450811137,0.03522638216459694,False
newutr_all.SRSF6,0.02630785931139884,0.04001113808748722,False
utr3_200.HNRNPDL,0.02602931974226077,0.024542364512460262,False
newutr_all.RBM28,0.025929077269104518,0.03180039097397161,False
has_plus1_aug,0.025873607478545307,0.03362147384638431,True
newutr_all.CSTF2,0.025722033727293585,0.03612055323497429,False
newutr_all.SRSF4,0.02564357549695436,0.021176998400138987,False
ejc_pm100.PCBP1,0.025538114802684614,0.03593313400086543,False
utr3_all.QKI,0.025141281483523792,0.04077288417084359,False
ptc_to_ejc.RBM5,0.02473993830927424,0.033756909291425934,False
utr3_all.CNOT4,0.024584695010844978,0.030315856526404127,False
newutr_all.IGF2BP2,0.024464619607297573,0.0341742045775644,False
ptc_pm100.SRSF9,0.024419448699811618,0.032656552246621603,False
newutr_200.PCBP2,0.02426937758782631,0.036151759388468103,False
newutr_200.PUM1,0.02423654477508729,0.03288990369714133,False
utr3_200.NOVA2,0.02419309144788325,0.0483861828957665,False
newutr_200.ZFP36,0.024121848625772893,0.03007885346620518,False
utr3_all.SRSF9,0.024055366873793043,0.03275685956328298,False
ptc_to_ejc.SAMD4A,0.02392438444031615,0.0478487688806323,False
utr3_all.PTBP1,0.02382377336341613,0.04764754672683226,False
newutr_all.ZFP36L2,0.023734101352940996,0.029831936838807537,False
newutr_200.HNRNPL,0.02363852736190116,0.024738673891886755,False
utr3_all.PUM1,0.023579973683740565,0.03467478459079258,False
utr3_all.HNRNPDL,0.023538936830907332,0.047077873661814665,False
utr3_200.ELAVL2,0.0234636881241423,0.03293900858772756,False
utr3_all.SNRPB2,0.02339420624132285,0.029112836994627515,False
newutr_all.KHDRBS2,0.023390554321540774,0.02883056792875621,False
utr3_all.KHDRBS2,0.023235380488959383,0.031448343495227196,False
utr3_all.EIF4B,0.023092801153637925,0.029075337315649374,False
utr3_all.IGHMBP2,0.02304716562198004,0.028441498253952095,False
utr3_all.RBFOX1,0.023020603947634305,0.028209257291889916,False
utr3_all.HNRNPA1,0.022973423883806222,0.045946847767612445,False
utr3_200.TRA2B,0.022690118832846246,0.04538023766569249,False
newutr_all.ZFP36,0.02261435880143652,0.03203081020976038,False
ejc_pm100.TARDBP,0.022558782595755604,0.0451175651915112,False
utr3_200.ELAVL1,0.022529630634782444,0.02961630625429275,False
newutr_all.CPEB2,0.02252624414954397,0.027750346287048012,False
newutr_all.ERI1,0.022379952104694945,0.02741998669408243,False
utr3_200.RBM28,0.02215681954330253,0.012759663244766111,False
ptc_to_ejc.TRA2B,0.0218695404890895,0.04373908097817901,False
newutr_200.ZC3H10,0.021808009076735205,0.03022426283529387,False
utr3_all.SRP14,0.02179386213952906,0.029361089408543525,False
ptc_pm100.HNRNPLL,0.0214338298383129,0.01792074537464695,False
ejc_pm100.SRSF9,0.021414596038415445,0.03007502777867836,False
ejc_pm100.RBMX,0.0212105458431533,0.027397719142305377,False
ejc_pm100.HNRNPA3,0.02115731784175187,0.02602199613056498,False
utr3_200.RBFOX1,0.020894874562245785,0.026285090697634624,False
newutr_all.CELF1,0.020884663799654764,0.02574571113051197,False
newutr_all.TRA2B,0.02082037084049603,0.03441231245816768,False
utr3_all.G3BP2,0.020710555441403333,0.027535342305487386,False
utr3_all.TIAL1,0.0205834712417903,0.02980887420161736,False
ptc_pm100.HNRNPAB,0.020514629352686366,0.025295699057610258,False
utr3_all.YBX2,0.020428996056737085,0.014845220665383083,False
ejc_pm100.ERI1,0.02037867487188041,0.023282578771553725,False
newutr_all.SRSF9,0.020331059209833656,0.02867610369688841,False
utr3_all.ZRANB2,0.020258129332967164,0.02554442202653825,False
utr3_all.PUM2,0.020240139421526592,0.040480278843053184,False
utr3_all.SART3,0.020011672938016468,0.02593990688641298,False
utr3_all.SSB,0.01967713033341871,0.026123301403167657,False
utr3_200.HNRNPH2,0.019343339366880895,0.03868667873376178,False
ptc_to_ejc.HNRNPLL,0.019324555122203303,0.025488002379163398,False
ejc_pm100.NELFE,0.019314331164030286,0.017742370927332742,False
ptc_pm100.ENOX1,0.019290081710344853,0.016581218075097184,False
ejc_pm100.KHSRP,0.019097857468265294,0.025069032076898454,False
utr3_200.RC3H1,0.019085438605906804,0.017148413032617688,False
utr3_all.CPEB4,0.019055447859509866,0.03811089571901973,False
ejc_pm100.RC3H1,0.018980622585743605,0.01883566852775697,False
utr3_200.SSB,0.018942612854236478,0.016410141180669746,False
utr3_all.PABPC3,0.018463444340488792,0.02329381104678741,False
ptc_pm100.RC3H1,0.018458789190007076,0.03691757838001415,False
newutr_all.ELAVL3,0.018427554084689414,0.02257102063248559,False
ptc_to_ejc.HNRNPK,0.018281247968430364,0.023327533625911206,False
newutr_all.RBMS1,0.01816019560100975,0.0363203912020195,False
ejc_pm100.PCBP2,0.01814188830593346,0.03628377661186692,False
utr3_all.SRSF4,0.017990414752467786,0.022035495354542644,False
utr3_all.RALY,0.01797373805157927,0.022013755886598287,False
ptc_pm100.PCBP2,0.0178970966825502,0.024004644660312085,False
utr3_all.G3BP1,0.01781466232831257,0.02208174724770699,False
utr3_all.FXR2,0.01777093418723198,0.02178823925750245,False
ptc_pm100.RBM4,0.017681987010871585,0.024556061404702463,False
utr3_all.SFPQ,0.017669747809820256,0.03533949561964051,False
ptc_to_ejc.ELAVL1,0.01751861960688118,0.015077078888961459,False
newutr_200.ELAVL4,0.017460257947268493,0.034920515894536985,False
ptc_pm100.EIF4B,0.017407927218782763,0.034815854437565526,False
newutr_all.AGO2,0.017316626655147365,0.025409137911544543,False
newutr_all.HNRNPA2B1,0.017264031931819024,0.03452806386363805,False
newutr_200.HNRNPLL,0.01725263447886037,0.022472905855846076,False
utr3_all.ERI1,0.017241668034642787,0.02337501330366603,False
ejc_pm100.SRSF2,0.01718602996749402,0.028231969998366014,False
utr3_all.SRSF2,0.01682898314376669,0.021078728657506447,False
ejc_pm100.LIN28A,0.01667262486828711,0.020486625457580277,False
newutr_200.TIAL1,0.01664587739121316,0.03329175478242632,False
newutr_200.NOVA2,0.016627277694402497,0.020466003754397104,False
ejc_pm100.SRSF4,0.016556591357562926,0.02123403044493044,False
utr3_200.TIA1,0.01646056085259179,0.03292112170518358,False
utr3_all.PABPC1,0.016421027978734595,0.03284205595746919,False
newutr_all.A1CF,0.01640647268120943,0.024843308663089158,False
newutr_all.SAMD4A,0.01636617427990426,0.03273234855980852,False
ptc_pm100.RBMX,0.016170723651910194,0.03234144730382039,False
ptc_to_ejc.PABPC5,0.015703358422749687,0.015271470330049722,False
utr3_200.HNRNPA2B1,0.01564270855254766,0.01943767800767355,False
utr3_all.RBMS3,0.015538098301320408,0.031076196602640816,False
newutr_all.TARDBP,0.015517865952475124,0.031035731904950247,False
utr3_200.TARDBP,0.015406918601233069,0.030813837202466138,False
ptc_to_ejc.SRSF5,0.015261793493769063,0.018694744339108577,False
ejc_pm100.CSTF2,0.01511086574123614,0.01922432489917592,False
newutr_all.RALY,0.014960587327808611,0.01834681280143735,False
newutr_all.SNRPA,0.01480979164946147,0.018138223508922118,False
utr3_200.SART3,0.01471620155107046,0.018589938497479693,False
ptc_to_ejc.SRSF9,0.014654424806853538,0.019413740494491422,False
cdsseq.introns,0.014640982746218594,0.020817935425891092,True
newutr_all.CPEB4,0.014477559142434043,0.019038031827269507,False
newutr_all.HNRNPLL,0.014429102090753671,0.028858204181507342,False
newutr_all.SRSF5,0.014365424824720443,0.028730849649440886,False
newutr_all.MBNL1,0.014184968352560917,0.028369936705121834,False
utr3_all.YBX1,0.014139402967457488,0.017359915234446934,False
utr3_200.HNRNPA3,0.014123676517600256,0.028247353035200512,False
ejc_pm100.G3BP2,0.014081278622108779,0.017977026965202328,False
ptc_pm100.ELAVL4,0.014015173231585947,0.018698740480283915,False
newutr_200.PABPC5,0.014006253865792666,0.021354398906159075,False
utr3_200.CELF5,0.013896534409778246,0.027793068819556496,False
utr3_all.IFIH1,0.013770953981743678,0.017758851538199477,False
utr3_all.SRSF1,0.013764275510842453,0.01729624315578802,False
newutr_200.SSB,0.013759829439356126,0.017185372851471502,False
ptc_pm100.IGF2BP1,0.013567580337303948,0.014616942229881804,False
newutr_200.SRSF1,0.013517605296074642,0.019602567316558257,False
utr3_200.HNRNPH1,0.013478232351556676,0.026956464703113348,False
ptc_pm100.HNRNPL,0.013189114987594753,0.016377492851912322,False
newutr_200.SRSF9,0.013176435420211524,0.016147268358140232,False
ejc_pm100.RBM24,0.01315174653503472,0.01733083812892095,False
newutr_200.NELFE,0.013134170827313742,0.026268341654627485,False
ptc_pm100.SRSF4,0.013084505384649964,0.02616901076929993,False
utr3_all.HNRNPK,0.013080488485842362,0.02616097697168472,False
utr3_all.SRSF6,0.012998750348043795,0.025997500696087594,False
ptc_to_ejc.MBNL1,0.012976456962235691,0.025952913924471382,False
newutr_200.AGO1,0.012953873809406496,0.01692527495727735,False
utr3_all.RBM28,0.012874822873330144,0.016040761359335506,False
ptc_to_ejc.PCBP1,0.012869261660390133,0.025738523320780266,False
newutr_200.RBM5,0.012765926901163219,0.025531853802326438,False
ptc_pm100.SRSF1,0.01262549318655729,0.015534012889105948,False
utr3_200.HNRNPA1L2,0.012531537772610507,0.01263208910676974,False
newutr_all.RBM46,0.012402045176286961,0.015284400923700555,False
utr3_200.SNRPA,0.01237823385626027,0.024756467712520543,False
newutr_200.NOVA1,0.012303695770215941,0.024607391540431883,False
utr3_all.PABPC5,0.01229404251564527,0.02458808503129054,False
newutr_all.HNRNPH3,0.012231906062447423,0.024463812124894846,False
newutr_200.SART3,0.012108038551347719,0.01483751282940478,False
utr3_all.ZC3H10,0.012052318959248808,0.02410463791849762,False
utr3_200.PABPC1,0.012035738023716892,0.02407147604743379,False
utr3_200.ESRP2,0.012019588274172573,0.014723297862049666,False
utr3_200.IGHMBP2,0.011805845261356144,0.023611690522712284,False
ptc_to_ejc.CELF6,0.011734890720003121,0.014376959121899825,False
ptc_to_ejc.FMR1,0.0115414227895228,0.0230828455790456,False
newutr_all.SRSF3,0.011494877201380687,0.022989754402761374,False
ptc_pm100.HNRNPH1,0.011492707720658876,0.022985415441317752,False
ptc_pm100.QKI,0.011448153821716258,0.01730943780716828,False
ptc_to_ejc.SNRPA,0.011407676454062512,0.022815352908125027,False
utr3_200.MATR3,0.011376957316827866,0.010945510789986302,False
utr3_all.HNRNPA1L2,0.011339834988195593,0.022679669976391186,False
ptc_to_ejc.ZRANB2,0.011173619580270012,0.014035229130709502,False
ptc_to_ejc.TARDBP,0.01110861346697762,0.01771970778116897,False
utr3_all.CELF4,0.011071872275609546,0.02214374455121909,False
newutr_200.RALY,0.01105935297436498,0.014948338611531385,False
utr3_200.FXR1,0.010961438668276525,0.014022506518175036,False
utr3_all.ELAVL4,0.010911141768032859,0.021822283536065714,False
ptc_to_ejc.CELF1,0.010896670203327592,0.021793340406655183,False
utr3_all.IGF2BP1,0.010884460869579195,0.02176892173915839,False
utr3_all.RBM14,0.010772276361131001,0.021544552722262002,False
newutr_200.TRA2A,0.010754440845677761,0.021508881691355522,False
utr3_all.DAZAP1,0.010679039566418663,0.014338591925816645,False
ptc_to_ejc.RBM4,0.010613605288322335,0.012999055618108634,False
ptc_pm100.RBM6,0.010519108925839387,0.021038217851678774,False
ejc_pm100.MBNL1,0.010303361692077843,0.020606723384155687,False
ptc_pm100.G3BP2,0.01026747797507852,0.02053495595015704,False
utr3_200.DAZAP1,0.00996006476483925,0.0199201295296785,False
plus1_is_G,0.009906033545257934,0.019812067090515872,True
utr3_200.LIN28A,0.009896686344961264,0.01979337268992253,False
newutr_200.HNRNPDL,0.009807158265532528,0.019614316531065056,False
newutr_200.ERI1,0.009767010759605368,0.019534021519210736,False
utr3_200.SAMD4A,0.009674331946080769,0.019067856334481024,False
newutr_all.CELF5,0.009651369542629283,0.019302739085258567,False
newutr_all.HNRNPK,0.009628096107805224,0.019256192215610448,False
ptc_to_ejc.PCBP2,0.009477311387795142,0.018954622775590284,False
ejc_pm100.ZFP36,0.009456039557404747,0.018912079114809494,False
ejc_pm100.HNRNPAB,0.009242493298607036,0.011628441417831713,False
newutr_all.HNRNPC,0.009127567898837069,0.018255135797674137,False
utr3_all.A1CF,0.009112526959319769,0.018225053918639537,False
utr3_200.RBM41,0.009100371739010172,0.012675130275494117,False
newutr_200.FXR2,0.008966820143712431,0.011006717189629084,False
newutr_all.RBMS3,0.008940814964775862,0.012221569557654532,False
utr3_200.TIAL1,0.008935009595004694,0.017870019190009388,False
utr3_all.NOVA2,0.008910051968466427,0.017820103936932855,False
ptc_pm100.RBM5,0.00886350892563059,0.01772701785126118,False
newutr_200.SNRPA,0.008855542272318695,0.017711084544637386,False
utr3_200.HNRNPU,0.008774899550927466,0.007833279973232212,False
ptc_to_ejc.SRSF7,0.00877043852113699,0.01754087704227398,False
newutr_200.RBMX,0.00876566460748427,0.01753132921496854,False
utr3_200.IFIH1,0.008759397829814861,0.010728795215278229,False
newutr_all.FMR1,0.008758195254562031,0.017516390509124062,False
newutr_200.G3BP1,0.008754981312332764,0.017509962624665528,False
ptc_pm100.TIAL1,0.00870576703566268,0.017411534071325365,False
newutr_all.HNRNPU,0.008699761229919206,0.01739952245983841,False
newutr_200.SRSF4,0.008684086090639495,0.01736817218127899,False
ptc_to_ejc.G3BP1,0.008580349562498408,0.017160699124996816,False
utr3_all.CELF5,0.008570198155609696,0.01714039631121939,False
newutr_all.PCBP1,0.008548982685707893,0.017097965371415787,False
utr3_200.U2AF2,0.008408317407829248,0.016816634815658493,False
newutr_all.TUT1,0.008371397279820971,0.016742794559641942,False
ejc_pm100.TRA2A,0.008165562567943686,0.016331125135887373,False
newutr_all.AKAP1,0.007921744794471452,0.013429777134099543,False
newutr_200.HNRNPAB,0.007909543390419826,0.01581908678083965,False
ejc_pm100.ZC3H10,0.007893419352492373,0.015786838704984745,False
utr3_200.IGF2BP1,0.00778088475866376,0.009980500748270288,False
newutr_200.PABPC1,0.00755719181833416,0.01511438363666832,False
newutr_200.PABPC3,0.00748694900486051,0.009278425521732093,False
utr3_200.PABPN1,0.007415822059220487,0.006683147887769913,False
ptc_pm100.KHDRBS1,0.007350551695327558,0.014701103390655116,False
ejc_pm100.KHDRBS2,0.007256302709513782,0.014512605419027564,False
newutr_all.KHDRBS3,0.007135060237591579,0.014270120475183157,False
ejc_pm100.PUM1,0.0070774603886882125,0.014154920777376425,False
newutr_200.EIF4B,0.007063502620910683,0.008681490597367654,False
ejc_pm100.ELAVL4,0.006840826962743575,0.010098252457328512,False
ptc_pm100.KHSRP,0.006786193204194445,0.013572386408388891,False
utr3_200.KHDRBS1,0.006742125654725288,0.013484251309450577,False
newutr_200.CSTF2,0.006713437068415461,0.013426874136830922,False
ejc_pm100.TIAL1,0.006605801761655701,0.013211603523311402,False
utr3_all.HNRNPAB,0.006582982250546028,0.013165964501092055,False
utr3_200.TRA2A,0.006577938102601241,0.013155876205202482,False
utr3_200.RBMY1A1,0.0065096878073640976,0.008115808712199819,False
ptc_pm100.CELF6,0.006489649730756287,0.012979299461512574,False
ptc_pm100.NONO,0.006437734126238287,0.012875468252476574,False
ejc_pm100.HNRNPLL,0.006358695328272604,0.012717390656545207,False
utr3_200.HNRNPM,0.0063130014299819836,0.012626002859963965,False
newutr_200.ELAVL2,0.0062892226606483,0.0125784453212966,False
ptc_pm100.IGF2BP2,0.006265175184579354,0.012530350369158708,False
utr3_200.CELF4,0.006232806507542543,0.012465613015085086,False
ptc_pm100.RBFOX1,0.006068488819380485,0.01213697763876097,False
utr3_all.RBM46,0.005996898688633778,0.011993797377267556,False
utr3_all.HNRNPU,0.005856276831826354,0.011712553663652708,False
ptc_pm100.TRA2A,0.005615136830502199,0.011230273661004398,False
utr3_all.AKAP1,0.005530060819907889,0.011060121639815778,False
utr3_200.SRSF5,0.00551360604262373,0.01102721208524746,False
utr3_200.ERI1,0.005488637085401298,0.010977274170802596,False
ptc_to_ejc.HNRNPL,0.005455072266369121,0.010910144532738243,False
ejc_pm100.SSB,0.00528832980362591,0.010576659607251819,False
utr3_200.MBNL1,0.005092765109907019,0.010185530219814038,False
ejc_pm100.PABPC5,0.005060071415518546,0.010120142831037092,False
ptc_pm100.FXR2,0.005042103139324414,0.010084206278648828,False
newutr_all.PTBP1,0.004970644536237639,0.009941289072475278,False
newutr_all.TIAL1,0.004951941777497866,0.009903883554995732,False
utr3_all.RBMS1,0.004938004467470078,0.009876008934940157,False
newutr_200.RBM24,0.0048597945900563195,0.009719589180112639,False
utr3_all.FUS,0.004759121626299793,0.009518243252599588,False
ejc_pm100.PABPC1,0.004750591787657648,0.009501183575315295,False
utr3_all.HNRNPH1,0.004711791998888562,0.009423583997777122,False
ptc_pm100.ESRP2,0.004707545776172389,0.009415091552344778,False
ptc_pm100.ZFP36,0.004518501232981871,0.009037002465963742,False
ejc_pm100.ELAVL2,0.004398092761027594,0.008796185522055189,False
ptc_to_ejc.ESRP2,0.004272084804080538,0.008544169608161076,False
utr3_200.IGF2BP3,0.00424413193307979,0.00848826386615958,False
newutr_all.HNRNPD,0.004133916543374029,0.008267833086748059,False
ptc_to_ejc.TIA1,0.004104893553563816,0.008209787107127633,False
ptc_pm100.PABPC1,0.00407081924394577,0.00814163848789154,False
ejc_pm100.QKI,0.004035155021967703,0.008070310043935406,False
ejc_pm100.NONO,0.003897093496274881,0.007794186992549762,False
newutr_200.SRP14,0.0038886624176626703,0.0077773248353253405,False
ptc_to_ejc.HNRNPDL,0.0038329429895138704,0.007665885979027741,False
ptc_pm100.CELF5,0.003772184917473223,0.007544369834946446,False
utr3_all.FXR1,0.0036110596265259503,0.0072221192530519005,False
newutr_200.RBM25,0.003494483961171183,0.006988967922342367,False
newutr_all.RBM3,0.0034097704365690733,0.006819540873138147,False
ejc_pm100.FXR2,0.0033436969802376716,0.006687393960475343,False
ptc_to_ejc.HNRNPM,0.003078580744528221,0.006157161489056442,False
ptc_pm100.CELF4,0.0028257636863479913,0.0056515273726959825,False
ptc_pm100.PPRC1,0.0027626068064892477,0.005525213612978495,False
ptc_to_ejc.A1CF,0.002752040884381591,0.003983131494797359,False
utr3_200.SNRPB2,0.002724418547400783,0.005448837094801566,False
newutr_200.ELAVL1,0.0027070178350926772,0.0054140356701853545,False
ptc_to_ejc.PABPC3,0.0025459050483358837,0.005091810096671767,False
ejc_pm100.PABPN1,0.002441189906097449,0.004882379812194898,False
ptc_pm100.ELAVL3,0.00226789649016128,0.004535792980322561,False
utr3_200.FUS,0.001967779272609061,0.002501928097922385,False
utr3_200.RBM42,0.001836445395749637,0.003672890791499274,False
ejc_pm100.ELAVL1,0.00180393864710987,0.0036078772942197404,False
ptc_pm100.ZCRB1,0.0017995103610330587,0.0035990207220661175,False
ptc_pm100.RBM8A,0.0016635023443041768,0.0033270046886083537,False
newutr_200.HNRNPA1L2,0.0014143146928395206,0.0028286293856790413,False
newutr_200.PPRC1,0.0014121466524675587,0.0028242933049351174,False
newutr_200.U2AF2,0.0014096937474818183,0.0028193874949636365,False
utr3_200.HNRNPC,0.0013311408473667703,0.00266228169473354,False
newutr_200.YBX2,0.0013135318050191795,0.002627063610038359,False
ptc_to_ejc.KHDRBS1,0.0012963285315735463,0.0025926570631470925,False
newutr_200.AKAP1,0.0011346090864845298,0.0016530328712255097,False
ptc_pm100.ANKHD1,0.0010650422828514749,0.0021300845657029497,False
ptc_pm100.RBMS1,0.0010064718342781486,0.0020129436685562972,False
ptc_to_ejc.IGHMBP2,0.0007623835834546609,0.0015247671669093219,False
ptc_pm100.ZNF638,0.0006428775125457367,0.0012857550250914734,False
newutr_all.HNRNPH1,0.00014433351746068022,0.00028866703492136045,False
ejc_pm100.AKAP1,5.61778456499798e-05,0.00011235569129995958,False
newutr_200.CELF4,1.5010371684799717e-05,3.0020743369599438e-05,False
ejc_pm100.TUT1,0.0,0.0,False
ejc_pm100.U2AF2,0.0,0.0,False
plus2_is_G,0.0,0.0,True
utr3_all.KHDRBS3,0.0,0.0,False
ejc_pm100.TIA1,0.0,0.0,False
utr3_200.RALY,0.0,0.0,False
utr3_200.PUM2,0.0,0.0,False
ptc_pm100.SNRNP70,0.0,0.0,False
ejc_pm100.YBX2,0.0,0.0,False
utr3_all.ANKHD1,0.0,0.0,False
ptc_pm100.SNRPB2,0.0,0.0,False
ptc_pm100.SRP14,0.0,0.0,False
utr3_200.NONO,0.0,0.0,False
utr3_all.ESRP2,0.0,0.0,False
utr3_all.CPEB2,0.0,0.0,False
utr3_all.HNRNPC,0.0,0.0,False
utr3_all.MSI1,0.0,0.0,False
ptc_pm100.SRSF2,0.0,0.0,False
ptc_pm100.SART3,0.0,0.0,False
utr3_200.QKI,0.0,0.0,False
ejc_pm100.ZRANB2,0.0,0.0,False
utr3_200.RBM6,0.0,0.0,False
ejc_pm100.SRSF10,0.0,0.0,False
ejc_pm100.IGF2BP3,0.0,0.0,False
ejc_pm100.PPRC1,0.0,0.0,False
ejc_pm100.CELF4,0.0,0.0,False
ejc_pm100.PABPC3,0.0,0.0,False
ejc_pm100.CNOT4,0.0,0.0,False
ejc_pm100.NOVA1,0.0,0.0,False
ejc_pm100.CPEB2,0.0,0.0,False
ejc_pm100.CPEB4,0.0,0.0,False
ejc_pm100.KHDRBS1,0.0,0.0,False
ejc_pm100.DAZAP1,0.0,0.0,False
ptc_pm100.SSB,0.0,0.0,False
ejc_pm100.IGF2BP1,0.0,0.0,False
ejc_pm100.IFIH1,0.0,0.0,False
ejc_pm100.ELAVL3,0.0,0.0,False
ejc_pm100.HNRNPL,0.0,0.0,False
utr3_all.HNRNPH3,0.0,0.0,False
utr3_200.RBM46,0.0,0.0,False
utr3_200.RBM8A,0.0,0.0,False
ejc_pm100.FUS,0.0,0.0,False
utr3_200.RBM3,0.0,0.0,False
ejc_pm100.PUM2,0.0,0.0,False
ejc_pm100.RALY,0.0,0.0,False
ejc_pm100.RBFOX1,0.0,0.0,False
ejc_pm100.SRP14,0.0,0.0,False
ejc_pm100.SNRPB2,0.0,0.0,False
utr3_all.IGF2BP3,0.0,0.0,False
utr3_200.RBM24,0.0,0.0,False
ejc_pm100.SNRNP70,0.0,0.0,False
utr3_200.RBM25,0.0,0.0,False
ejc_pm100.RBMY1A1,0.0,0.0,False
utr3_all.IGF2BP2,0.0,0.0,False
ejc_pm100.RBM8A,0.0,0.0,False
utr3_200.RBMS3,0.0,0.0,False
ejc_pm100.RBM6,0.0,0.0,False
ejc_pm100.ESRP2,0.0,0.0,False
ejc_pm100.RBM4,0.0,0.0,False
ejc_pm100.A1CF,0.0,0.0,False
ejc_pm100.RBM25,0.0,0.0,False
ejc_pm100.AGO1,0.0,0.0,False
ejc_pm100.RBM14,0.0,0.0,False
ejc_pm100.IGF2BP2,0.0,0.0,False
ptc_to_ejc.FXR2,0.0,0.0,False
ptc_pm100.RBMY1A1,0.0,0.0,False
utr3_200.G3BP1,0.0,0.0,False
ptc_to_ejc.CNOT4,0.0,0.0,False
newutr_all.FUS,0.0,0.0,False
ptc_to_ejc.CPEB2,0.0,0.0,False
ptc_to_ejc.CPEB4,0.0,0.0,False
ptc_to_ejc.DAZAP1,0.0,0.0,False
newutr_all.EIF4B,0.0,0.0,False
utr3_200.FXR2,0.0,0.0,False
newutr_all.ANKHD1,0.0,0.0,False
ptc_to_ejc.CELF5,0.0,0.0,False
utr3_200.G3BP2,0.0,0.0,False
ptc_to_ejc.ZCRB1,0.0,0.0,False
ptc_to_ejc.ZC3H10,0.0,0.0,False
ptc_to_ejc.YBX2,0.0,0.0,False
ptc_to_ejc.ELAVL2,0.0,0.0,False
ptc_to_ejc.U2AF2,0.0,0.0,False
ptc_to_ejc.TUT1,0.0,0.0,False
newutr_all.HNRNPA1,0.0,0.0,False
ptc_to_ejc.CELF4,0.0,0.0,False
utr3_200.AGO1,0.0,0.0,False
utr3_200.ZRANB2,0.0,0.0,False
newutr_all.PCBP2,0.0,0.0,False
utr3_200.ZC3H10,0.0,0.0,False
utr3_200.ANKHD1,0.0,0.0,False
newutr_all.PABPC1,0.0,0.0,False
utr3_200.CELF6,0.0,0.0,False
utr3_200.ZCRB1,0.0,0.0,False
utr3_200.ZFP36L2,0.0,0.0,False
utr3_200.CNOT4,0.0,0.0,False
utr3_200.ENOX1,0.0,0.0,False
utr3_200.CPEB2,0.0,0.0,False
utr3_200.CPEB4,0.0,0.0,False
utr3_200.EIF4B,0.0,0.0,False
utr3_200.ELAVL3,0.0,0.0,False
newutr_all.HNRNPH2,0.0,0.0,False
newutr_all.HNRNPF,0.0,0.0,False
utr3_200.ELAVL4,0.0,0.0,False
ptc_to_ejc.TRA2A,0.0,0.0,False
ptc_to_ejc.TIAL1,0.0,0.0,False
ptc_to_ejc.SRSF4,0.0,0.0,False
ptc_to_ejc.IGF2BP3,0.0,0.0,False
ptc_to_ejc.PPRC1,0.0,0.0,False
ptc_to_ejc.PABPN1,0.0,0.0,False
ptc_to_ejc.PABPC1,0.0,0.0,False
ptc_to_ejc.NOVA1,0.0,0.0,False
ptc_to_ejc.MATR3,0.0,0.0,False
ptc_to_ejc.LIN28A,0.0,0.0,False
ptc_to_ejc.KHSRP,0.0,0.0,False
ptc_to_ejc.IGF2BP2,0.0,0.0,False
ptc_to_ejc.ELAVL4,0.0,0.0,False
ptc_to_ejc.IGF2BP1,0.0,0.0,False
ptc_to_ejc.FUS,0.0,0.0,False
ptc_to_ejc.HNRNPAB,0.0,0.0,False
ptc_to_ejc.HNRNPA3,0.0,0.0,False
ptc_to_ejc.HNRNPA1L2,0.0,0.0,False
ptc_to_ejc.FXR1,0.0,0.0,False
ptc_to_ejc.G3BP2,0.0,0.0,False
ptc_to_ejc.PUM1,0.0,0.0,False
ptc_to_ejc.QKI,0.0,0.0,False
ptc_to_ejc.RALY,0.0,0.0,False
ptc_to_ejc.RBFOX1,0.0,0.0,False
ptc_to_ejc.SRSF10,0.0,0.0,False
ptc_to_ejc.SNRPB2,0.0,0.0,False
utr3_200.HNRNPD,0.0,0.0,False
ptc_to_ejc.SART3,0.0,0.0,False
ptc_to_ejc.RC3H1,0.0,0.0,False
ptc_to_ejc.RBMY1A1,0.0,0.0,False
ptc_to_ejc.RBMX,0.0,0.0,False
ptc_to_ejc.RBMS3,0.0,0.0,False
ptc_to_ejc.RBM8A,0.0,0.0,False
ptc_to_ejc.RBM6,0.0,0.0,False
ptc_to_ejc.RBM42,0.0,0.0,False
ptc_to_ejc.RBM28,0.0,0.0,False
ptc_to_ejc.RBM25,0.0,0.0,False
ptc_to_ejc.RBM24,0.0,0.0,False
ptc_to_ejc.RBM14,0.0,0.0,False
newutr_all.PPRC1,0.0,0.0,False
utr3_all.ZNF638,0.0,0.0,False
ptc_pm100.RBMS3,0.0,0.0,False
ptc_pm100.AGO1,0.0,0.0,False
utr3_all.RBM25,0.0,0.0,False
ptc_pm100.ELAVL2,0.0,0.0,False
ptc_pm100.ELAVL1,0.0,0.0,False
ptc_pm100.CSTF2,0.0,0.0,False
ptc_pm100.CPEB2,0.0,0.0,False
ptc_pm100.CNOT4,0.0,0.0,False
utr3_200.SNRNP70,0.0,0.0,False
newutr_200.ZCRB1,0.0,0.0,False
ptc_pm100.G3BP1,0.0,0.0,False
utr3_all.RBM42,0.0,0.0,False
utr3_200.SRP14,0.0,0.0,False
utr3_all.RBM8A,0.0,0.0,False
newutr_200.SNRPB2,0.0,0.0,False
newutr_200.SNRNP70,0.0,0.0,False
utr3_all.RBMY1A1,0.0,0.0,False
newutr_200.RBMY1A1,0.0,0.0,False
ptc_pm100.FXR1,0.0,0.0,False
utr3_200.KHDRBS2,0.0,0.0,False
utr3_200.YBX2,0.0,0.0,False
ptc_pm100.PABPC5,0.0,0.0,False
ptc_pm100.RBM46,0.0,0.0,False
ptc_pm100.RBM42,0.0,0.0,False
ptc_pm100.RBM28,0.0,0.0,False
ptc_pm100.RBM24,0.0,0.0,False
ptc_pm100.RBM14,0.0,0.0,False
ptc_pm100.RALY,0.0,0.0,False
ptc_pm100.PUM2,0.0,0.0,False
utr3_all.PPRC1,0.0,0.0,False
ptc_pm100.HNRNPDL,0.0,0.0,False
ptc_pm100.NOVA1,0.0,0.0,False
ptc_pm100.MATR3,0.0,0.0,False
ptc_pm100.KHDRBS3,0.0,0.0,False
ptc_pm100.IGHMBP2,0.0,0.0,False
ptc_pm100.IFIH1,0.0,0.0,False
ptc_pm100.HNRNPM,0.0,0.0,False
ptc_pm100.HNRNPF,0.0,0.0,False
newutr_200.RBM8A,0.0,0.0,False
newutr_200.RBM6,0.0,0.0,False
newutr_200.RBM42,0.0,0.0,False
utr3_all.TUT1,0.0,0.0,False
newutr_all.YBX1,0.0,0.0,False
newutr_all.TRA2A,0.0,0.0,False
newutr_all.TIA1,0.0,0.0,False
newutr_all.SSB,0.0,0.0,False
newutr_all.SRSF7,0.0,0.0,False
newutr_all.SRSF2,0.0,0.0,False
newutr_all.SRSF1,0.0,0.0,False
newutr_all.SFPQ,0.0,0.0,False
newutr_200.RBM28,0.0,0.0,False
utr3_all.ZCRB1,0.0,0.0,False
newutr_all.RBM8A,0.0,0.0,False
newutr_all.RBM5,0.0,0.0,False
newutr_all.RBM41,0.0,0.0,False
utr3_all.ZFP36,0.0,0.0,False
newutr_all.RBM25,0.0,0.0,False
utr3_all.ZFP36L2,0.0,0.0,False
utr3_all.TIA1,0.0,0.0,False
newutr_all.ZCRB1,0.0,0.0,False
newutr_all.ZNF638,0.0,0.0,False
newutr_200.A1CF,0.0,0.0,False
newutr_200.RBM14,0.0,0.0,False
newutr_200.PABPN1,0.0,0.0,False
newutr_200.NONO,0.0,0.0,False
newutr_200.MATR3,0.0,0.0,False
utr3_200.IGF2BP2,0.0,0.0,False
newutr_200.KHDRBS3,0.0,0.0,False
newutr_200.KHDRBS1,0.0,0.0,False
newutr_200.IGF2BP3,0.0,0.0,False
newutr_200.HNRNPU,0.0,0.0,False
utr3_200.PABPC3,0.0,0.0,False
newutr_200.ESRP2,0.0,0.0,False
newutr_200.ENOX1,0.0,0.0,False
newutr_200.ELAVL3,0.0,0.0,False
newutr_200.CPEB4,0.0,0.0,False
newutr_200.CELF6,0.0,0.0,False
newutr_200.RBM3,0.0,0.0,False
