feature,mean_abs_shap_full,rank_full,rank_sampled,mean_abs_shap_sampled,rank_shift
last.EJC,0.5061740314263525,1,1,0.5056502383633141,0
relativePTClocation,0.19210046825297972,2,2,0.1908558216560681,0
half_life_PC1,0.15731591727450486,3,3,0.15953244043795092,0
cdsseqs_AU_content,0.1250173427094311,4,4,0.12527027720243672,0
mut.exon,0.07353861272250369,5,5,0.07367988717954425,0
AmountExonsAfter,0.06439664059504514,6,7,0.06283977849111078,1
phylop_ptc_to_ejc_median,0.06327922916037887,7,6,0.0637746735491931,-1
phastcons_new3utr_first200_median,0.05621019738426855,8,8,0.05597780871437736,0
cdsseqs_UC_content,0.049205157877855094,9,9,0.049318810175991816,0
MedianExpression_log2,0.04833737421544481,10,10,0.047104909631671465,0
cdsseq_AUcontentlast200,0.045052163687691084,11,11,0.043065540392643605,0
first.200,0.04185467986242933,12,12,0.041627469253775334,0
CADD_phred,0.038372699577124914,13,13,0.038871152399951946,0
log2_CDS,0.032824448110069564,14,15,0.032084599100502126,1
threeUTR_UC_content,0.031963094561020255,15,14,0.03232574869247837,-1
phylop_new3utr_first200_median,0.03154866133071559,16,16,0.03135225416675684,0
first.100,0.02819073777930202,17,17,0.02751688576560756,0
isoform_count,0.026784853949017487,18,18,0.02677299191822896,0
gnomAD_exome_ALL,0.025224565613965043,19,19,0.025441671949393712,0
readthrough_score_hek293t,0.02041902428223406,20,20,0.020309454798175613,0
fiveUTR_AU_content,0.02031108009363667,21,21,0.019761691688152526,0
length.mutated.exon,0.018037847728216,22,23,0.018070734332422157,1
ejc_count_in_window,0.018003723284224067,23,22,0.01810467813579671,-1
phastcons_ejc_100bp_median,0.017090759840847913,24,24,0.0169625835459499,0
ptc_to_ejc.SFPQ,0.016424573472773967,25,26,0.016217206495248406,1
utr3_all.SRSF7,0.016019530288949046,26,25,0.016408641491758122,-1
threeUTR_AU_content,0.01598958018431733,27,27,0.01609823472391321,0
newutr_all.G3BP1,0.015961601860744325,28,30,0.015526600953024541,2
PTC.plus1.aa,0.015727255148230812,29,28,0.01588142313636119,-1
fiveUTR_AUcontentlast100,0.015721758237818302,30,29,0.015879285899092075,-1
fiveUTR_AUcontentfirst100,0.014838560235742974,31,31,0.014826256065893292,0
phastcons_ptc_to_ejc_median,0.01439594771247716,32,32,0.014437732629721301,0
phylop_ejc_100bp_median,0.01397700781463021,33,33,0.014253987930578171,0
CodonOptimalityFraction_CDS,0.013685483380976343,34,34,0.013975779897265898,0
aug_distance_category,0.013143675271498715,35,36,0.013305696098667434,1
phastcons_utr5_first200_median,0.012848890189789982,36,35,0.013329852240824605,-1
phylop_old3utr_whole_median,0.012765105871582789,37,37,0.013008178406993144,0
noncoding.length,0.012586712676910456,38,38,0.012507998144872419,0
CodonOptimalityFraction_PTCpm100nt,0.012426642945944383,39,40,0.012141299911552756,1
cdsseq_UCcontentlast200,0.0124009622892688,40,41,0.012085526294150451,1
newutr_200.IFIH1,0.012200421443696584,41,39,0.012433258643184411,-2
ThreeUTR_AUcontentlast100,0.01216435246817045,42,42,0.011725623132167094,0
relPTC_exon,0.010780855902677595,43,43,0.011077830730830468,0
EJC.downstream.cut,0.010080096790006082,44,44,0.010016301209491886,0
phylop_utr5_first200_median,0.01001600253396844,45,45,0.009997011246656516,0
fiveUTR_UCcontentfirst100,0.009599990072251166,46,50,0.009346926979736004,4
phastcons_tx_whole_median,0.009590286926943015,47,46,0.009825954343290755,-1
cdsseq_UCcontentfirst200,0.009481697615585243,48,51,0.009328125997794184,3
ThreeUTR_UCcontentfirst100,0.009451050420448186,49,52,0.009080166489113266,3
phylop_new3utr_whole_median,0.009430325636007047,50,49,0.009465248849120969,-1
aug_frame_status,0.009427897258488907,51,47,0.009637282304721252,-4
ptc_pm100.SRSF6,0.00932976628852198,52,48,0.009518627462552172,-4
PTC_dist_exon_start_1b,0.009143632392592718,53,55,0.009005597292059304,2
fiveUTR_UC_content,0.009024112580867126,54,57,0.008799647811796893,3
newutr_all.ZC3H10,0.008859930699262667,55,53,0.009054551871848612,-2
log2_5utr,0.008812773266195319,56,54,0.009041207082291657,-2
utr3_all.NELFE,0.008740565905959357,57,56,0.009004429996953056,-1
cdsseq_UCcontentfirst100,0.008521348174460385,58,60,0.008430201145957616,2
phastcons_new3utr_whole_median,0.008505108736951046,59,61,0.00837743744341057,2
phastcons_ptc_100bp_median,0.00847261996282737,60,59,0.008496230120363327,-1
ptc_pm100.HNRNPH2,0.00844771103619477,61,62,0.008301657709862935,1
fiveUTR_UCcontentlast100,0.008443078772740533,62,63,0.008296098409578236,1
ptc_pm100.TIA1,0.008402813994425162,63,58,0.00851778535967763,-5
cdsseq_UCcontentlast100,0.007436139550210023,64,64,0.007351526742950068,0
ptc_pm100.SRSF3,0.0072444023650188715,65,66,0.007169243762440883,1
log2newUTR,0.007139367134360012,66,67,0.007056976546769107,1
ThreeUTR_UCcontentlast100,0.00706608435891007,67,65,0.007184673717306983,-2
PTC.plus2.aa,0.007050977850112455,68,68,0.007047873855917393,0
phylop_ptc_100bp_median,0.006985204649338191,69,69,0.007002670378300774,0
phastcons_old3utr_whole_median,0.00697040336421931,70,73,0.006760888304001068,3
cdsseq_AUcontentfirst200,0.0068784076761377495,71,70,0.006900620693919616,-1
cdsseq_AUcontentlast100,0.006862473689620155,72,71,0.006839094461552983,-1
log2_3utr,0.006705959181940373,73,72,0.006771816150305079,-1
newutr_all.SRP14,0.006418072350433716,74,74,0.006588319177378841,0
ThreeUTR_AUcontentfirst100,0.006417040845513773,75,76,0.006411787484706757,1
phylop_old3utr_first200_median,0.006372191643567357,76,75,0.006459591182667096,-1
ptc_pm100.NELFE,0.006030692421532201,77,77,0.006348477801321213,0
ptc_to_ejc.HNRNPH1,0.005904558470047085,78,78,0.005953343505251334,0
utr3_200.RBMX,0.005778564762660472,79,81,0.005520214814540206,2
ejc_pm100.FMR1,0.005590433793270418,80,80,0.005537376026609649,0
cdsseq_AUcontentfirst100,0.0054943768684998584,81,79,0.005649668539917592,-2
ptc_pm100.TRA2B,0.005432949228876847,82,84,0.005318420475964551,2
newutr_all.ELAVL2,0.005379521173748759,83,85,0.00525071638641653,2
ejc_pm100.PTBP1,0.005369845178660014,84,83,0.005342916313893338,-1
PTC.minus1.aa,0.0053639572326912655,85,82,0.005442452990631595,-3
utr3_200.CSTF2,0.0052771402454988466,86,87,0.005017253039226681,1
ptc_to_ejc.SRSF1,0.005131553601846273,87,88,0.00500857618123678,1
phylop_tx_whole_median,0.005040542464148683,88,86,0.005115187952968494,-2
newutr_200.HNRNPA2B1,0.004934652522726461,89,89,0.004872417250580024,0
ptc_to_ejc.SRSF3,0.004792433700758096,90,90,0.004836601646160212,0
newutr_200.SRSF3,0.0047361891972087285,91,91,0.004719098728182315,0
newutr_all.AGO1,0.004719408146473615,92,92,0.004649655997029222,0
long.exon,0.004626642300405474,93,96,0.004531703588250515,3
utr3_200.SFPQ,0.0045160590497929235,94,94,0.00460062619414635,0
newutr_all.PABPC5,0.004515268795614183,95,93,0.004617564913442579,-2
ptc_pm100.ZC3H10,0.0043860030134828445,96,95,0.0045577413805458706,-1
utr3_200.HNRNPF,0.004340357807901614,97,97,0.004311537022131531,0
ptc_to_ejc.PTBP1,0.004133665349206827,98,98,0.004289292793259832,0
fiveutrseqs.uORF,0.004127583612394933,99,99,0.004129894529135802,0
kozak_strength,0.004065320732607019,100,102,0.004048006511432742,2
phastcons_utr5_whole_median,0.003999996762665003,101,101,0.004058835903062576,0
newutr_200.CELF1,0.003968680369027832,102,100,0.004089687329477152,-2
has_plus1_aug,0.003914354607571068,103,104,0.0038807077521264026,1
ejc_pm100.SRSF3,0.0038852863553107404,104,103,0.003936099038295274,-1
ptc_pm100.TARDBP,0.0038410251966664527,105,107,0.0036133021163421097,2
ejc_pm100.CELF1,0.003818147126929236,106,105,0.0037243574895619125,-1
newutr_200.SF1,0.003577063251695818,107,108,0.003612846373821326,1
newutr_all.RBMY1A1,0.0035664208271716834,108,106,0.003626063494006466,-2
utr3_200.SRSF7,0.003565750227623251,109,109,0.003472589515554833,0
newutr_all.RBMX,0.0033720520709108522,110,113,0.003279922076447599,3
newutr_all.SNRPB2,0.003366206447224926,111,111,0.0033434281609801934,0
ptc_to_ejc.HNRNPH2,0.0033541927989041757,112,110,0.0034577942345054035,-2
newutr_all.SAMD4A,0.0032997762390792034,113,116,0.0032084651648882365,3
newutr_all.RBM4,0.003273445473945387,114,112,0.0033001688015516202,-2
newutr_200.PTBP1,0.003223573471446898,115,114,0.0032623216584013463,-1
newutr_200.SFPQ,0.003184658473921462,116,115,0.0032204991064897185,-1
ptc_pm100.HNRNPF,0.0031804683252558766,117,118,0.0031714896071170975,1
utr3_all.RBMX,0.003150132031363817,118,120,0.003139452901005634,2
newutr_all.TIAL1,0.003145146158518346,119,121,0.0031169941190562155,2
ejc_pm100.SRSF7,0.0031330826338837516,120,119,0.0031619432921346194,-1
newutr_all.PABPC3,0.0030546962414392874,121,125,0.0029562895435147145,4
newutr_all.MSI1,0.0030470038854613635,122,117,0.0031813418667336643,-5
newutr_all.QKI,0.0030292385421445485,123,122,0.0030926635738653214,-1
utr3_all.CELF6,0.00301509850200135,124,124,0.0030051384567798332,0
utr3_200.SRSF2,0.003000462163794703,125,123,0.003028903443128996,-2
utr3_all.SRSF9,0.0029568827542813952,126,127,0.0029077852089774855,1
ptc_to_ejc.ZFP36,0.0029542930604571855,127,126,0.0029438025182080382,-1
utr3_200.HNRNPH3,0.0028360630656025575,128,132,0.0027590049825898413,4
utr3_all.TRA2A,0.0027988125077649324,129,136,0.0026597437314347964,7
newutr_all.HNRNPDL,0.00275647783645752,130,129,0.002782011718282732,-1
newutr_all.IFIH1,0.0027416106379612197,131,130,0.002781726877593459,-1
utr3_all.TRA2B,0.0027404401414464945,132,133,0.0027571400945255995,1
ptc_to_ejc.SF1,0.002736839202751724,133,131,0.0027615077686579032,-2
utr3_all.HNRNPDL,0.0027126408791318776,134,135,0.002671876057227532,1
ptc_pm100.SNRPA,0.0026939203564877168,135,128,0.0027880149826868365,-7
newutr_all.LIN28A,0.002683006571189528,136,138,0.0026384438157652738,2
phastcons_old3utr_first200_median,0.0026485639316510966,137,137,0.0026439813972984954,0
utr3_200.SRSF6,0.0026113440011020688,138,139,0.002630993455678575,1
threeutrseqs.uORF,0.0026094327930073474,139,134,0.002673506898253339,-5
newutr_all.ESRP2,0.0025974254389076763,140,140,0.0025766126815602655,0
utr3_200.RBM5,0.0025379147707765217,141,148,0.0024170234114812288,7
newutr_all.G3BP2,0.0025372331293292078,142,146,0.002504076843118301,4
ptc_pm100.NOVA2,0.00253632399763259,143,141,0.002541846740800995,-2
utr3_all.SRSF5,0.002514058894577281,144,143,0.0025290206528777942,-1
ejc_pm100.PUM1,0.002500155868986803,145,142,0.0025382039111326274,-3
ptc_pm100.SRSF7,0.0024551009675948675,146,145,0.002512590366770861,-1
newutr_all.HNRNPM,0.002444165865649932,147,144,0.0025290091057362436,-3
minus1_is_G,0.002433342826272863,148,147,0.0024229236441030673,-1
utr3_all.HNRNPAB,0.002412267652946093,149,158,0.0022694524022772596,9
PTC.minus2.aa,0.0023874944211552916,150,150,0.002360680810564867,0
ejc_pm100.SRSF2,0.0023714427431920627,151,160,0.0022666271829071606,9
ptc_pm100.SRSF5,0.0023521626019631326,152,155,0.0023083759211325115,3
ptc_pm100.HNRNPA1,0.0023488377921162974,153,149,0.0023882071359707284,-4
ptc_pm100.SFPQ,0.0023356544254572835,154,152,0.002343506779610853,-2
utr3_200.RBM28,0.0023322155618220293,155,178,0.0019916261181516337,23
newutr_200.HNRNPM,0.002330389628673596,156,154,0.0023149434050835703,-2
utr3_200.PABPC5,0.002312360261081941,157,151,0.0023439962322958953,-6
newutr_all.RBM24,0.0022809373755323476,158,156,0.0022937398543536962,-2
ptc_pm100.LIN28A,0.0022762387134742826,159,157,0.002279745010619265,-2
ejc_pm100.SFPQ,0.002275441091717832,160,153,0.0023178110880551768,-7
ptc_to_ejc.SRSF2,0.002261307457984634,161,161,0.002255223496581796,0
utr3_all.RBM5,0.0022087545242831423,162,164,0.002159400976826996,2
utr3_all.PCBP1,0.0021800562589756587,163,163,0.002186897639881459,0
ptc_to_ejc.MBNL1,0.0021456778446955205,164,159,0.002267519353850829,-5
has_plus2_aug,0.002124892187332282,165,165,0.0021248617537353415,0
utr3_200.TRA2B,0.002102965370605955,166,166,0.002102500788092655,0
newutr_200.SRSF6,0.0020861220161415553,167,162,0.0022167470660411663,-5
ptc_pm100.HNRNPA2B1,0.002082544557229066,168,168,0.0020822166632752394,0
newutr_all.MATR3,0.002073299983239087,169,174,0.0020511705419393265,5
utr3_all.ELAVL3,0.002069279716683511,170,173,0.002053055843038152,3
utr3_200.TARDBP,0.002061227777683193,171,167,0.0020856172739693053,-4
utr3_all.FMR1,0.002059919539829332,172,172,0.002059228165938222,0
newutr_200.HNRNPF,0.0020501573909986266,173,177,0.0020295568259508542,4
utr3_200.RBM4,0.0020448168964483384,174,179,0.0019826914733299685,5
fiveUTR.introns,0.0020417266175385327,175,169,0.0020707696428971236,-6
loeuf_cat,0.002027559114869261,176,180,0.0019821047159901345,4
newutr_200.YBX1,0.0020260796107835523,177,183,0.0019701328168775676,6
utr3_all.ELAVL2,0.002006150834699849,178,175,0.002034629246764253,-3
utr3_all.HNRNPA3,0.0020038353711778756,179,185,0.0019448838567647528,6
newutr_200.HNRNPA1,0.0020001115834277186,180,181,0.0019749965189040123,1
utr3_all.TARDBP,0.0019928843928055558,181,186,0.0019364361042449108,5
newutr_all.NELFE,0.0019924242052846066,182,182,0.0019732612052392024,0
utr3_all.KHSRP,0.0019814707212862373,183,176,0.0020309613748646814,-7
utr3_200.PCBP1,0.001977456173133285,184,187,0.0019337573552320074,3
utr3_200.PCBP2,0.0019492719956526845,185,171,0.0020659500674077183,-14
utr3_200.SRSF3,0.0019387443839450763,186,170,0.002068224219069719,-16
ptc_pm100.SF1,0.0019348614393779266,187,184,0.001965406807187216,-3
utr3_200.PTBP1,0.0019154321122712944,188,190,0.0018850183270047683,2
newutr_all.FXR1,0.0019111023920221056,189,189,0.0019029070695349166,0
newutr_all.U2AF2,0.0018938941322897212,190,188,0.0019165560986571894,-2
newutr_all.A1CF,0.0018900104584279162,191,194,0.0018405590470027796,3
utr3_all.HNRNPLL,0.0018839793844219876,192,197,0.0018145060613248443,5
ejc_pm100.G3BP1,0.0018595206347947798,193,192,0.0018547311104904081,-1
utr3_all.RBM6,0.001852017406657573,194,191,0.0018559163935764247,-3
utr3_all.PABPC5,0.001842564010550343,195,200,0.0017974731209706323,5
utr3_all.SF1,0.0018371953348211114,196,198,0.001811670749347986,2
newutr_all.PABPN1,0.0018339656633585635,197,193,0.0018510008620758263,-4
newutr_all.NONO,0.001823909194287626,198,205,0.001757069153313844,7
ptc_pm100.PTBP1,0.0018203509416589011,199,202,0.0017805835235515993,3
ejc_pm100.HNRNPK,0.0018114332032341926,200,195,0.00182120765946049,-5
utr3_200.CELF1,0.0018036342390498551,201,210,0.0017240877459982543,9
utr3_200.PUM1,0.0017716898647763477,202,203,0.001777959444384452,1
newutr_all.CNOT4,0.0017713333879677815,203,225,0.0016191371653607022,22
newutr_all.YBX2,0.0017670598343310657,204,214,0.0016924801301721982,10
newutr_all.AGO2,0.0017583110646677842,205,201,0.0017912692967757906,-4
newutr_all.KHDRBS1,0.0017497959720910888,206,207,0.0017373614557299473,1
ptc_pm100.PCBP1,0.001731011053882843,207,209,0.001724138069366088,2
newutr_200.RC3H1,0.001712106371682853,208,221,0.001644595688399751,13
newutr_all.NOVA1,0.0017117967886935888,209,215,0.0016788761815838722,6
ptc_pm100.FMR1,0.0017047148377671538,210,213,0.0017047537936951199,3
newutr_all.RBM14,0.0016998735095498858,211,208,0.0017309812406943329,-3
newutr_200.RBM4,0.0016961286284211117,212,217,0.0016597729455013425,5
ptc_to_ejc.NELFE,0.001688477629783798,213,199,0.0018069277626140997,-14
newutr_all.NOVA2,0.001683147909091124,214,219,0.0016525339525991533,5
newutr_all.CELF6,0.0016736709864621855,215,204,0.001767103620364843,-11
utr3_all.G3BP2,0.001673507988354847,216,212,0.0017146714852899795,-4
newutr_200.G3BP2,0.0016714140979761523,217,206,0.0017485376117053694,-11
utr3_200.HNRNPH1,0.001664972395368,218,218,0.0016530503936220504,0
newutr_all.KHSRP,0.0016612196877655576,219,216,0.0016669551025545704,-3
ejc_pm100.HNRNPF,0.001652475207965013,220,220,0.0016521117251281758,0
ptc_pm100.QKI,0.0016502838771391682,221,196,0.0018198469446455857,-25
utr3_200.ZFP36,0.0016493813649067495,222,224,0.0016243734468376616,2
ejc_pm100.SRSF6,0.0016421821453683697,223,211,0.0017206403321756974,-12
newutr_200.TRA2A,0.0016420221934742346,224,222,0.0016429036672851761,-2
newutr_200.TRA2B,0.001624996161530366,225,226,0.0016007404375434735,1
utr3_all.MATR3,0.001601943550165439,226,223,0.0016354011875743982,-3
ptc_pm100.CSTF2,0.0015792399028301725,227,233,0.0015237185274466062,6
ejc_pm100.NOVA2,0.0015767054057656265,228,235,0.0014790873599552976,7
utr3_all.KHDRBS1,0.0015686845154823594,229,229,0.0015387225773488002,0
newutr_200.HNRNPL,0.001561991876429972,230,230,0.0015348990429888694,0
utr3_all.CNOT4,0.0015516305588648529,231,254,0.0014114780705537329,23
utr3_200.YBX1,0.0015494774526149807,232,228,0.0015399828995928152,-4
utr3_all.YBX1,0.0015418034437580308,233,242,0.0014655962391191472,9
ptc_pm100.HNRNPLL,0.0015412287999584647,234,232,0.0015244941440097379,-2
utr3_all.ESRP2,0.0015397155597366501,235,237,0.0014722579034544914,2
ejc_pm100.PCBP2,0.0015377954649645803,236,227,0.0015423173780764843,-9
utr3_all.RBM4,0.0015127217115802824,237,245,0.0014583717740278867,8
utr3_200.TIAL1,0.001499520429924144,238,234,0.0014834893509999125,-4
utr3_all.HNRNPL,0.0014945813232407701,239,231,0.0015310174940853921,-8
utr3_200.RC3H1,0.0014771964013726077,240,236,0.00147567566899255,-4
newutr_200.MBNL1,0.0014767752086408843,241,241,0.0014664065931019865,0
utr3_all.CSTF2,0.0014767438784746684,242,255,0.0013949303702902836,13
newutr_all.RBFOX1,0.0014673299325673446,243,261,0.0013726967982752446,18
newutr_all.CPEB2,0.0014630637697064792,244,238,0.0014692254139672379,-6
newutr_200.PCBP2,0.0014574286484009661,245,247,0.0014505010744640626,2
newutr_all.HNRNPL,0.0014464983448476724,246,243,0.0014637536529954667,-3
utr3_all.ELAVL1,0.001444886327807704,247,259,0.0013842162857554887,12
newutr_200.SRSF5,0.0014433476626754063,248,250,0.0014329671565136942,2
ejc_pm100.HNRNPA1,0.0014257266667161463,249,239,0.0014682424563711972,-10
ptc_pm100.HNRNPH1,0.0014164905874722807,250,248,0.001447958909971333,-2
utr3_all.RBFOX1,0.0014138343808096144,251,244,0.0014608478810522341,-7
newutr_all.IGF2BP1,0.0014057504855842376,252,249,0.0014441460243658651,-3
utr3_200.ELAVL2,0.001399204980903429,253,251,0.0014325491832894628,-2
newutr_all.CPEB4,0.0013990067454248175,254,246,0.0014566193890290435,-8
newutr_all.FXR2,0.0013938013780263037,255,240,0.0014664672250696642,-15
utr3_200.TIA1,0.0013806321418846092,256,263,0.0013556129790107787,7
utr3_all.QKI,0.001374813223927328,257,258,0.001385303320023258,1
ejc_pm100.SRSF4,0.0013703549468293973,258,268,0.00131493132020287,10
ejc_pm100.ENOX1,0.0013681388937961014,259,253,0.0014242794456059034,-6
ejc_pm100.PCBP1,0.0013657687668452829,260,256,0.0013925497137764371,-4
ptc_pm100.HNRNPA3,0.0013600231193357498,261,252,0.0014274797581442806,-9
utr3_all.MBNL1,0.0013454414047993303,262,265,0.0013324213234076358,3
utr3_all.HNRNPH1,0.0013451618103195455,263,264,0.0013450731395495332,1
utr3_all.LIN28A,0.0013364210563046645,264,260,0.0013829149262778726,-4
ejc_pm100.SRSF10,0.0013353263945691826,265,262,0.0013679633557237964,-3
ptc_pm100.ERI1,0.0013268577526974505,266,257,0.0013887687917078272,-9
utr3_200.SSB,0.0013132326297283722,267,290,0.0012140498798345466,23
newutr_all.SRSF4,0.001308951660400821,268,267,0.0013274439973311241,-1
ejc_pm100.TRA2A,0.001301366556359536,269,274,0.001291290998849912,5
newutr_all.ZFP36,0.001300417121192822,270,269,0.0013140820754420405,-1
ejc_pm100.HNRNPA2B1,0.001297036629913227,271,270,0.0013076282143372774,-1
utr3_all.SART3,0.0012956444387370906,272,266,0.0013278123324618918,-6
ptc_pm100.RBM5,0.0012876487640061044,273,272,0.0013023836322741253,-1
newutr_all.RBM6,0.0012867236919851099,274,276,0.0012720186081916758,2
ejc_pm100.YBX1,0.0012847846106439189,275,271,0.0013059548422698227,-4
ejc_pm100.SF1,0.0012818101065256956,276,277,0.0012704508515616706,1
utr3_200.HNRNPLL,0.0012756521544898564,277,284,0.0012377072324746227,7
newutr_all.SSB,0.0012710155122999836,278,283,0.0012386931523387067,5
ptc_to_ejc.CSTF2,0.001254841442984576,279,278,0.0012693167488063114,-1
utr3_200.SRSF10,0.001254105267801127,280,285,0.0012333088882688,5
ejc_pm100.HNRNPH1,0.001251259173697614,281,292,0.001212472339235636,11
utr3_200.HNRNPAB,0.0012511324421005674,282,296,0.0011772671759036988,14
utr3_all.TIA1,0.0012442751749485554,283,282,0.001245879902148135,-1
utr3_200.HNRNPK,0.001242587635815267,284,280,0.001253650568869731,-4
newutr_all.DAZAP1,0.001238236291008456,285,281,0.001249233521608926,-4
utr3_200.SF1,0.0012378157608605043,286,275,0.0012885598864336382,-11
utr3_200.HNRNPH2,0.0012372514271550687,287,289,0.0012160391528792693,2
ejc_pm100.RBM5,0.0012329906027182683,288,294,0.0011815561293074496,6
ptc_pm100.MBNL1,0.0012216994183172816,289,279,0.0012677215769227078,-10
utr3_200.FMR1,0.0012190648340573236,290,291,0.0012125002069777568,1
newutr_all.HNRNPA3,0.0012152720604835263,291,288,0.0012207837361770107,-3
newutr_all.KHDRBS3,0.0012137760467399443,292,273,0.0012927983025943506,-19
utr3_all.SNRPB2,0.0012135973969022238,293,297,0.0011744624669908872,4
ptc_pm100.YBX1,0.001212980922991767,294,287,0.0012293036595469285,-7
newutr_all.HNRNPAB,0.001202202147900625,295,301,0.0011631170957236417,6
utr3_all.RBM41,0.001198303865452862,296,293,0.0012090769757499402,-3
newutr_200.SRSF2,0.0011976983381989863,297,286,0.001232336290204253,-11
newutr_all.CELF5,0.0011739398783052557,298,295,0.0011814443618600168,-3
newutr_all.RC3H1,0.0011628001347656317,299,298,0.0011697128115605048,-1
utr3_all.HNRNPH3,0.00115295323051025,300,321,0.0010303914147469766,21
utr3_200.SRSF9,0.0011470916942753068,301,302,0.001159433209143091,1
newutr_all.SART3,0.0011433582283848728,302,305,0.0011234167566247883,3
utr3_all.U2AF2,0.001138711151396527,303,303,0.0011538078796709346,0
utr3_all.ELAVL4,0.0011366926585940457,304,304,0.0011394349157820035,0
utr3_200.HNRNPA1L2,0.0011365220083539185,305,315,0.0010775804598579398,10
pLI.cat,0.0011260630219716865,306,314,0.0010801688488277022,8
ejc_pm100.RBMX,0.0011231582237113992,307,336,0.000969630402840984,29
newutr_200.SART3,0.0011225774821364382,308,313,0.0010808789431137208,5
newutr_all.PUM2,0.0011219251232937651,309,299,0.001164920349429255,-10
ptc_to_ejc.HNRNPF,0.0011193984606559975,310,311,0.0010835395808240038,1
newutr_200.HNRNPK,0.0011179380844313779,311,307,0.0011093951626587283,-4
newutr_200.HNRNPH2,0.001114081319072697,312,309,0.001093122609827571,-3
utr3_all.PABPC1,0.0010977579391846931,313,312,0.0010833895887091955,-1
ejc_pm100.G3BP2,0.001095250036646232,314,310,0.0010898738795869012,-4
utr3_200.HNRNPA2B1,0.0010933813231617366,315,300,0.0011635605151745054,-15
ejc_pm100.TARDBP,0.001086448844678371,316,308,0.001096872371326872,-8
newutr_all.CSTF2,0.001074821954552999,317,325,0.0010151748913095344,8
newutr_all.ZRANB2,0.0010614142420856947,318,306,0.0011161838079738616,-12
utr3_all.SSB,0.0010564402166611934,319,320,0.001031722379888125,1
utr3_all.PUM1,0.0010374226136214539,320,337,0.0009692639295266748,17
utr3_all.SNRNP70,0.0010370617377850344,321,327,0.001009626196099123,6
newutr_all.SRSF5,0.0010326574541512329,322,332,0.0009832526498084265,10
utr3_all.HNRNPH2,0.0010306237053486897,323,316,0.0010716029577957445,-7
newutr_200.ELAVL4,0.001027006162120586,324,326,0.0010096728209553175,2
ptc_to_ejc.TRA2B,0.0010265241377047588,325,328,0.0010006441364743322,3
utr3_all.SRSF6,0.0010260108143445858,326,323,0.001018772304923231,-3
newutr_all.KHDRBS2,0.0010225777298840978,327,319,0.0010361183664797365,-8
utr3_all.SNRPA,0.001014813267199756,328,335,0.0009713673704286273,7
ejc_pm100.HNRNPH3,0.0010084809024169933,329,318,0.0010378471215481658,-11
ejc_pm100.SRSF9,0.0010057154197595684,330,324,0.001018169134449586,-6
utr3_all.NOVA2,0.001004192141861495,331,330,0.0009923991168851324,-1
newutr_200.SNRPA,0.0010040247966557438,332,331,0.0009896939635824398,-1
newutr_all.PPRC1,0.0009999487034195289,333,322,0.0010231000571658344,-11
utr3_200.HNRNPC,0.0009863172144647442,334,317,0.001046063290768895,-17
utr3_all.ERI1,0.0009838298132771347,335,344,0.0009295227273544595,9
ptc_to_ejc.IFIH1,0.0009833352101506557,336,334,0.0009723066666078374,-2
ptc_to_ejc.TIA1,0.0009653608645189114,337,346,0.0009202899046657406,9
newutr_all.RBM46,0.0009634841447065063,338,358,0.0008840647196235557,20
ptc_pm100.ZRANB2,0.0009570029830010617,339,340,0.0009464797435299534,1
ptc_pm100.TRA2A,0.0009568504213053753,340,339,0.0009503108493318577,-1
ejc_pm100.HNRNPH2,0.0009515958827749825,341,343,0.0009358906147263004,2
cdsseq.introns,0.0009344214595268568,342,333,0.0009743233105269133,-9
ptc_pm100.SRSF10,0.000930144502593548,343,338,0.0009691164187170402,-5
newutr_200.ZRANB2,0.0009274251501545828,344,341,0.0009451297952853729,-3
ptc_pm100.PUM1,0.0009171616922672987,345,352,0.0009027277500106899,7
newutr_200.RBMX,0.000904941434851376,346,349,0.0009095208120023601,3
newutr_all.RBM42,0.0009000439311570915,347,345,0.0009230317103387351,-2
utr3_all.KHDRBS2,0.0008961285556442076,348,350,0.0009084188253300576,2
ptc_pm100.CELF6,0.0008888108338210873,349,351,0.000905534185328552,2
ejc_pm100.SRSF5,0.0008851234908022512,350,365,0.0008315993951951158,15
threeUTR.introns,0.0008815011196945136,351,356,0.0008865172918757294,5
ptc_pm100.PCBP2,0.0008807417487566795,352,347,0.0009175506055243245,-5
newutr_all.ELAVL3,0.0008752260548986142,353,362,0.0008503023985553321,9
utr3_all.HNRNPF,0.0008706901059733525,354,366,0.0008290962207380596,12
newutr_all.IGHMBP2,0.0008691976465129772,355,348,0.0009157883009679399,-7
utr3_all.G3BP1,0.0008666200692299596,356,361,0.0008516476887724779,5
newutr_all.TARDBP,0.0008659196208957458,357,357,0.0008864199332764928,0
utr3_all.IGF2BP2,0.0008657042877324554,358,329,0.000992430797349079,-29
newutr_all.PUM1,0.0008656402253896146,359,355,0.0008869623388573918,-4
utr3_all.NONO,0.0008650242275243793,360,354,0.0008914300227350958,-6
newutr_all.RBMS3,0.0008645423198144586,361,378,0.0007672928735321453,17
ptc_to_ejc.SRSF7,0.0008415437511669769,362,364,0.0008382263982450129,2
utr3_all.ZRANB2,0.0008377323467106025,363,353,0.0009024103886788584,-10
utr3_all.SAMD4A,0.000831004399044991,364,367,0.0008248865779266442,3
newutr_all.RBM41,0.0008276155676069374,365,360,0.0008627549416382223,-5
ptc_to_ejc.ENOX1,0.0008207032141531107,366,342,0.0009372907192668233,-24
utr3_200.CELF6,0.0008087037963483971,367,359,0.0008791428035783451,-8
ptc_to_ejc.HNRNPA2B1,0.0008017581134580561,368,363,0.0008408720416061188,-5
newutr_all.TRA2A,0.0007973837231737457,369,375,0.0007819923667413133,6
utr3_all.PCBP2,0.0007967081102762395,370,372,0.0007861968188307142,2
newutr_200.TIA1,0.0007928271755304529,371,376,0.0007809765630155662,5
utr3_all.IGHMBP2,0.0007914309482878023,372,369,0.0007976724190679342,-3
newutr_200.HNRNPA3,0.0007858113647132573,373,371,0.0007890079798443963,-2
ptc_pm100.SRSF4,0.0007845434430375986,374,368,0.0008116880812711902,-6
ejc_pm100.KHSRP,0.0007833960686042734,375,374,0.000782406983056149,-1
newutr_200.QKI,0.0007734081120301789,376,370,0.0007964383654328182,-6
utr3_all.TIAL1,0.0007613162198913808,377,377,0.0007767237858450113,0
newutr_all.IGF2BP2,0.0007603567047000148,378,382,0.0007325758574131968,4
ptc_pm100.HNRNPH3,0.0007578149285332587,379,384,0.0007286577491427231,5
utr3_all.SRSF3,0.0007471217950277362,380,373,0.000783336701643575,-7
newutr_200.TARDBP,0.0007458655811222782,381,385,0.0007271673400262001,4
newutr_all.EIF4B,0.0007389854310073077,382,391,0.000710785984439599,9
ejc_pm100.TIAL1,0.0007294359752409201,383,401,0.0006643129167037727,18
utr3_200.NELFE,0.0007282926855313246,384,383,0.0007302893570946506,-1
utr3_200.SRSF1,0.0007277407628836186,385,388,0.0007152486937536756,3
newutr_all.ERI1,0.0007258206046190097,386,387,0.0007230767930683682,1
utr3_all.RC3H1,0.000720476576954333,387,379,0.0007651447270027942,-8
utr3_all.PABPC3,0.0007149442497812572,388,380,0.0007533349603046582,-8
newutr_200.SRSF9,0.0007106231961741288,389,392,0.0007077373292169304,3
utr3_all.ZFP36L2,0.0007069683561300974,390,395,0.0006981187847165173,5
utr3_all.CPEB4,0.000700579383897541,391,398,0.00067274159286274,7
plus1_is_G,0.0006984258988413531,392,381,0.0007429034769418473,-11
utr3_200.HNRNPA1,0.0006974100598241812,393,399,0.0006681389710559398,6
newutr_200.SAMD4A,0.0006960168386663764,394,389,0.0007139275662343131,-5
ejc_pm100.PABPC1,0.0006955906370016314,395,390,0.0007113039581174271,-5
ejc_pm100.TRA2B,0.0006823407177768659,396,393,0.0007054473481614148,-3
utr3_200.AGO2,0.0006788880436892426,397,400,0.0006676092484098698,3
newutr_all.PABPC1,0.0006788548658588695,398,406,0.0006379660613061811,8
utr3_200.MATR3,0.0006721631275698998,399,396,0.0006956623307245429,-3
newutr_200.HNRNPH1,0.0006687832239890354,400,403,0.0006514613971824584,3
ptc_pm100.ENOX1,0.0006622776986128538,401,397,0.0006739749226401765,-4
utr3_all.SRSF10,0.0006523514882121073,402,402,0.0006601809382894133,0
ptc_to_ejc.SNRPA,0.0006472180674187632,403,409,0.0006314238712434478,6
newutr_all.PCBP2,0.000643944158160796,404,412,0.0006167727319112653,8
newutr_all.RBM28,0.0006435004641500964,405,410,0.0006310544455127544,5
ejc_pm100.NELFE,0.0006397350472432907,406,394,0.0007044174214125151,-12
utr3_200.RBFOX1,0.0006371184689880716,407,423,0.0005844270499776805,16
utr3_200.FUS,0.0006354246502717977,408,386,0.0007257198824797851,-22
newutr_200.RBM5,0.0006350612435970848,409,405,0.000641490660270768,-4
newutr_all.HNRNPA1L2,0.0006256782810207899,410,411,0.0006289302890425947,1
newutr_200.ZC3H10,0.0006238567640723764,411,407,0.000636698026165669,-4
utr3_200.SNRPA,0.0006200950553780316,412,408,0.0006314408450037064,-4
newutr_200.FMR1,0.0006154886993083391,413,418,0.0005915659279355928,5
newutr_200.HNRNPH3,0.0006110191511941138,414,416,0.0005942165577096924,2
utr3_200.RBM41,0.0006099512727686599,415,437,0.000557024908713679,22
utr3_all.AGO1,0.0006034298574699396,416,404,0.0006489574355678426,-12
newutr_200.ENOX1,0.0006021065399747363,417,413,0.0006039681702046865,-4
ptc_to_ejc.CELF1,0.0006010275750492728,418,433,0.0005653806726268594,15
ejc_pm100.CELF6,0.0006009054835947336,419,443,0.0005400077474154868,24
utr3_all.RBM46,0.0005981514917251396,420,440,0.0005538974695083953,20
ptc_to_ejc.A1CF,0.0005964067841313257,421,459,0.0004934511106346387,38
newutr_all.ENOX1,0.0005901904283686993,422,421,0.0005867456786296571,-1
newutr_200.PABPC1,0.0005901697861519734,423,430,0.0005730599951376585,7
ptc_pm100.SRSF9,0.000587605891742203,424,446,0.0005284297358552188,22
ptc_to_ejc.HNRNPK,0.0005870984214313036,425,415,0.000596209394966249,-10
newutr_all.SNRPA,0.0005865869910988655,426,434,0.000564790441041246,8
utr3_all.CELF4,0.0005863649742169081,427,431,0.000569092251324646,4
ejc_pm100.ZRANB2,0.0005790844252876478,428,422,0.0005846891349294736,-6
ptc_pm100.SRSF2,0.000576392246754067,429,419,0.0005900559427947896,-10
ejc_pm100.LIN28A,0.0005744009309178764,430,426,0.0005772958389675881,-4
newutr_200.ELAVL1,0.0005735139866429331,431,425,0.0005774983157743703,-6
ptc_pm100.SART3,0.0005685002248414569,432,435,0.000564140126614161,3
newutr_all.HNRNPK,0.0005680073428182062,433,429,0.0005742605437020393,-4
newutr_200.SRSF4,0.0005663451932039532,434,441,0.0005407135955607889,7
ptc_pm100.HNRNPK,0.0005642542435329675,435,432,0.0005682035656573705,-3
utr3_all.SRSF4,0.0005640331677648894,436,414,0.0006032768310806942,-22
ptc_to_ejc.NOVA2,0.0005545858627843443,437,427,0.0005764762344781252,-10
newutr_200.PUM1,0.0005520388581345809,438,417,0.0005941132547396903,-21
newutr_200.NELFE,0.0005515532321959501,439,428,0.0005749206972005375,-11
utr3_all.HNRNPM,0.000549376103260629,440,420,0.0005894038742977133,-20
newutr_all.RBM25,0.0005460199835610196,441,436,0.0005640670996388156,-5
utr3_all.AGO2,0.0005453437340535585,442,442,0.000540346103136322,0
newutr_all.RALY,0.0005366716755313862,443,438,0.0005569165850211952,-5
ptc_pm100.CELF1,0.0005288364650352374,444,424,0.0005831485999654725,-20
utr3_all.ENOX1,0.0005260221009079597,445,451,0.0005133986051786344,6
utr3_200.ZRANB2,0.0005239111591761893,446,444,0.0005344587295101455,-2
ejc_pm100.SNRPA,0.0005197731170984676,447,452,0.0005117212111036677,5
newutr_all.HNRNPH3,0.0005196280160954371,448,455,0.0004963808237522395,7
ptc_pm100.HNRNPAB,0.0005183942837354573,449,439,0.0005563710119260842,-10
ptc_to_ejc.PCBP2,0.0005137667801132973,450,449,0.0005166207281362709,-1
newutr_all.YBX1,0.0005098589279826798,451,450,0.0005153790119367468,-1
utr3_200.ELAVL1,0.0005093400742546875,452,448,0.000517999101884949,-4
ptc_to_ejc.SRSF5,0.0005073654465056578,453,454,0.0004983952508792454,1
newutr_all.SRSF9,0.0005002667531380959,454,460,0.00048292057840662974,6
ejc_pm100.HNRNPLL,0.0004996874221139206,455,471,0.0004582444762495599,16
ejc_pm100.SART3,0.0004950901892464526,456,465,0.0004730054408908723,9
utr3_200.MBNL1,0.0004934922397105539,457,461,0.0004813778474055427,4
newutr_200.LIN28A,0.0004904101775879539,458,469,0.00046028259417483646,11
ptc_to_ejc.RBFOX1,0.0004870570087034788,459,447,0.0005272647426028119,-12
newutr_200.CPEB4,0.00048311939101594684,460,458,0.000493935717700415,-2
ptc_to_ejc.QKI,0.0004825864792532059,461,464,0.00047384426298478354,3
ptc_pm100.RC3H1,0.0004815433939663699,462,473,0.00045652092029262084,11
utr3_all.SFPQ,0.00047849159826233653,463,475,0.0004547099991868136,12
ptc_to_ejc.PUM1,0.00047710893004254034,464,445,0.0005338616375212303,-19
utr3_all.RBMS1,0.00047311765136484656,465,453,0.0005111179048049,-12
ptc_pm100.EIF4B,0.0004718182312213941,466,466,0.0004705684562914725,0
utr3_200.SAMD4A,0.00047142013127107616,467,457,0.0004944844238550719,-10
utr3_200.TRA2A,0.0004682655469577585,468,456,0.0004960580943282082,-12
ptc_to_ejc.SRSF9,0.00046453302909582904,469,472,0.0004568065495706101,3
utr3_200.PABPC3,0.0004631376589472257,470,474,0.0004553453110295813,4
newutr_200.SRSF10,0.00045265919876826135,471,477,0.0004540799168932952,6
newutr_200.NOVA2,0.00044964476310129675,472,499,0.0003915268321465707,27
ejc_pm100.ZFP36,0.000447456419939727,473,479,0.0004458510956153603,6
utr3_200.IGHMBP2,0.0004472320241228934,474,468,0.00046037037577776935,-6
minus2_is_G,0.0004463273658756284,475,470,0.00045948946516335417,-5
utr3_200.NOVA1,0.00044247621059369116,476,496,0.0003973153955037956,20
utr3_all.IGF2BP3,0.00044077582432288726,477,463,0.00047626620327072305,-14
newutr_200.CELF6,0.00044017347672481606,478,462,0.00047898391596235007,-16
newutr_all.HNRNPA2B1,0.000435071941412674,479,481,0.0004423174051851843,2
ejc_pm100.PABPC5,0.00043263842667204383,480,476,0.00045422206529690417,-4
ejc_pm100.RBM4,0.0004319317312952042,481,484,0.00043451932180839863,3
utr3_all.CELF5,0.0004287172663673846,482,493,0.0003990226457981407,11
newutr_200.G3BP1,0.00042477412054763676,483,483,0.00043600071637376974,0
ptc_pm100.RBMX,0.00042461295888091254,484,480,0.00044317202708059014,-4
utr3_200.SRSF5,0.00042418933275856544,485,482,0.00043988439376789154,-3
ejc_pm100.YBX2,0.00042136179136871246,486,512,0.00035959355249039324,26
utr3_200.HNRNPU,0.0004209411126737705,487,478,0.0004524366379876579,-9
utr3_all.CELF1,0.00042023443468753056,488,495,0.000397855871904729,7
utr3_200.KHDRBS1,0.0004156162603819907,489,486,0.00042487323683341874,-3
newutr_all.SRSF10,0.0004139477596639019,490,485,0.0004308960485351168,-5
newutr_200.HNRNPAB,0.0004129472961948311,491,506,0.0003726070009017342,15
utr3_200.NOVA2,0.00041267572850552,492,487,0.00041119895391906363,-5
ptc_to_ejc.YBX1,0.00041260120972190793,493,503,0.00037608228328856217,10
utr3_all.PUM2,0.0004119442093559827,494,501,0.00038707086613595543,7
ptc_to_ejc.KHDRBS1,0.0004089400599954451,495,467,0.00046619854118098194,-28
utr3_all.RBM42,0.0004080427308210796,496,494,0.00039834400278442603,-2
threeUTR.PTBP1,0.0004051920592179033,497,497,0.0003970077623850218,0
utr3_all.HNRNPK,0.0004038318686323101,498,489,0.00041039778991976925,-9
utr3_200.HNRNPA3,0.0004024775445732856,499,488,0.00041096732056715435,-11
utr3_all.SRP14,0.00039897339615561905,500,492,0.00039943483720150354,-8
ptc_to_ejc.SRSF6,0.00039112728108917197,501,504,0.0003748280794070581,3
utr3_all.NOVA1,0.000385822409191975,502,491,0.00040586653677303017,-11
newutr_all.RBMS1,0.00038060708830816344,503,511,0.0003599039985953974,8
newutr_200.PABPC5,0.00037855244627016144,504,510,0.0003636868171527992,6
utr3_all.RALY,0.00037766077097706223,505,502,0.0003835213997793366,-3
newutr_all.SNRNP70,0.0003754181114460941,506,509,0.00036755223585256615,3
ptc_pm100.KHSRP,0.00037278254562942207,507,490,0.00040967855470858084,-17
newutr_200.CSTF2,0.0003681127731135981,508,513,0.0003592604175195462,5
ejc_pm100.MBNL1,0.0003675939599263682,509,505,0.0003726240292050233,-4
ptc_pm100.HNRNPL,0.0003542290366206173,510,507,0.00037127857174003585,-3
utr3_all.HNRNPA1L2,0.0003532382256962744,511,498,0.0003957904754030094,-13
newutr_all.SF1,0.0003493658211019122,512,500,0.0003879152196677055,-12
ptc_pm100.SAMD4A,0.0003465426713527235,513,514,0.0003569286670396792,1
newutr_all.RBM5,0.00034157351161272036,514,517,0.00034902853765456413,3
ptc_pm100.RBM4,0.0003360801555080926,515,508,0.00037019810547703777,-7
ejc_pm100.ELAVL1,0.00033020282715044604,516,521,0.0003225695469653449,5
utr3_all.CPEB2,0.0003294144087339221,517,518,0.0003377964992045423,1
utr3_200.ELAVL4,0.00032708400893497093,518,524,0.00031256749246728736,6
utr3_all.DAZAP1,0.00032012592043252993,519,536,0.000283179949033662,17
newutr_all.SRSF6,0.00031939714164747003,520,530,0.0003006970987647386,10
newutr_all.ZCRB1,0.00031792732036681074,521,515,0.00035507870894342305,-6
utr3_all.HNRNPA1,0.0003145067218322472,522,525,0.0003120950898452684,3
ptc_to_ejc.TARDBP,0.0003132744841960775,523,516,0.0003541728312974874,-7
ptc_to_ejc.ESRP2,0.0003104157063636191,524,548,0.00025142056612986074,24
utr3_all.YBX2,0.00030662068030886145,525,538,0.00027987044592011636,13
newutr_all.SRSF7,0.000306481480380874,526,527,0.00031051362477310456,1
ptc_to_ejc.FMR1,0.00030553454067623197,527,528,0.00030911961063436627,1
newutr_200.SRSF1,0.00030428304751053416,528,522,0.0003203261794061158,-6
utr3_all.PABPN1,0.00030088793801634446,529,533,0.0002925869348414905,4
newutr_all.HNRNPU,0.00029882437540742845,530,523,0.0003192463462078915,-7
ptc_to_ejc.HNRNPL,0.0002975674628484188,531,520,0.0003229237097176835,-11
newutr_200.HNRNPLL,0.0002941483989005072,532,519,0.0003232175837126288,-13
ejc_pm100.QKI,0.0002895531110909199,533,549,0.0002501397861910548,16
ptc_to_ejc.LIN28A,0.00028932433734743225,534,537,0.0002800488770948278,3
utr3_all.EIF4B,0.0002877552317976465,535,529,0.0003044528493483752,-6
utr3_all.ZFP36,0.00028736565480152483,536,531,0.0002946938382732737,-5
newutr_200.TIAL1,0.0002838802182854801,537,540,0.00027076610350480404,3
utr3_all.PTBP1,0.0002740468188339622,538,542,0.0002653976177153844,4
utr3_all.A1CF,0.000273563205398357,539,532,0.0002940166441075928,-7
utr3_all.IFIH1,0.00027231848425107036,540,547,0.00025695119784270066,7
newutr_200.SSB,0.0002689515342815868,541,556,0.00024087956565422522,15
utr3_200.SRP14,0.0002615709828163648,542,534,0.00028813743107802765,-8
ejc_pm100.RC3H1,0.0002614157154370083,543,553,0.0002479647754081467,10
ptc_pm100.SRSF1,0.0002607163389106368,544,554,0.0002452748545464191,10
ptc_pm100.IGHMBP2,0.0002600398294089391,545,526,0.00031061036110455593,-19
utr3_200.PABPC1,0.00025813244776393325,546,535,0.0002834419853553021,-11
ptc_pm100.ELAVL1,0.0002532206236055557,547,572,0.00021485259287652285,25
utr3_200.AGO1,0.000250653616841038,548,544,0.00026459142799370287,-4
ejc_pm100.ELAVL4,0.0002479067265401158,549,546,0.00025790168520925777,-3
utr3_200.PUM2,0.00024631229200171073,550,570,0.00021610811211227464,20
ptc_to_ejc.CNOT4,0.0002442933807339475,551,539,0.0002768417625584798,-12
utr3_all.KHDRBS3,0.00024389304833244115,552,541,0.000267561685374942,-11
newutr_200.AGO1,0.00024377386656922282,553,545,0.00025808057763861006,-8
ptc_pm100.CELF5,0.00024374989472041454,554,557,0.00023920148501255603,3
ptc_to_ejc.G3BP2,0.0002436814727277415,555,543,0.0002646464489194706,-12
newutr_all.HNRNPC,0.00024185611037995573,556,551,0.0002482451929281546,-5
ptc_to_ejc.RBMX,0.00024020147904765105,557,566,0.00021924655177773275,9
utr3_200.RBMY1A1,0.00023852756049300817,558,573,0.00021351598996828484,15
newutr_all.CELF1,0.00023635249778555087,559,552,0.00024813669110203317,-7
utr3_all.ZC3H10,0.00023326861422706116,560,563,0.00022782979618682,3
newutr_200.MATR3,0.00023062122653631282,561,550,0.0002494424049961862,-11
utr3_200.ESRP2,0.00022543652521687496,562,591,0.00018606651039377177,29
ejc_pm100.CSTF2,0.00022527761479158943,563,564,0.00022675963380744047,1
ptc_pm100.G3BP1,0.00022423138564783883,564,559,0.00023459196017753148,-5
ejc_pm100.SRSF1,0.00022374547751814023,565,560,0.00023162369735093207,-5
ptc_to_ejc.RC3H1,0.0002216959290249356,566,568,0.0002186590231605388,2
ptc_to_ejc.CELF6,0.00022153205144260647,567,571,0.00021568120507846106,4
ptc_to_ejc.HNRNPH3,0.00022014499067040408,568,561,0.00023033018686476417,-7
utr3_200.ZCRB1,0.0002169070960500975,569,555,0.0002422529231304648,-14
ptc_pm100.CELF4,0.00021412522355235842,570,558,0.0002382662797120898,-12
newutr_200.ESRP2,0.00021191971573244483,571,574,0.000212805061859115,3
newutr_all.FMR1,0.00020990890003261218,572,562,0.0002300035922813618,-10
newutr_200.CELF4,0.00020864760691532072,573,584,0.00019660936200856604,11
utr3_200.LIN28A,0.00020837489139570667,574,567,0.0002189339523930402,-7
ptc_pm100.PABPC1,0.00020462980175160479,575,565,0.00022469367021325725,-10
newutr_all.HNRNPF,0.00020076663902052997,576,590,0.0001869447224801512,14
newutr_all.FUS,0.00020047387659016604,577,576,0.0002034335092372717,-1
ptc_to_ejc.ZRANB2,0.00019924533315588452,578,582,0.00019798021657118386,4
utr3_all.HNRNPD,0.00019863395842453085,579,569,0.00021687099594471358,-10
utr3_200.NONO,0.00019712825260607633,580,577,0.00020306212475122733,-3
ejc_pm100.HNRNPA3,0.00019498028515996035,581,583,0.000196971009653928,2
ptc_pm100.ZFP36,0.00019201553624101543,582,575,0.0002093553036411715,-7
ejc_pm100.TIA1,0.00019155177645588685,583,587,0.00019355566985569997,4
newutr_200.NOVA1,0.00018798279402739974,584,579,0.00020043675134047968,-5
utr3_200.RBM46,0.00018757546534271406,585,605,0.00015714609754171878,20
ptc_to_ejc.TRA2A,0.00018588348366928122,586,597,0.00017167785854204547,11
utr3_all.SRSF2,0.00018454177316807216,587,592,0.00018454282647994386,5
utr3_all.HNRNPU,0.0001833642207906986,588,602,0.00016407227409517524,14
newutr_200.RBM6,0.00018297554884115483,589,623,0.00013125813347800058,34
ejc_pm100.HNRNPL,0.00018074339247283537,590,588,0.00018922083299178138,-2
ejc_pm100.FXR2,0.0001796590438289505,591,581,0.00019825430820969738,-10
newutr_200.NONO,0.00017903355966440092,592,586,0.0001939512546955728,-6
ptc_to_ejc.SAMD4A,0.00017719533068281994,593,589,0.00018867778145843176,-4
utr3_200.IGF2BP1,0.00017650313656818138,594,607,0.00015622894235370712,13
utr3_200.CPEB4,0.0001758245842053876,595,598,0.00017150408602390247,3
newutr_all.ELAVL4,0.00017435261748343492,596,580,0.00019979551352863645,-16
newutr_200.RBM24,0.00017216239075411695,597,578,0.0002017120366110922,-19
utr3_all.ZCRB1,0.00016964594358102208,598,606,0.00015683574672062346,8
ejc_pm100.ZC3H10,0.00016729635408890066,599,618,0.00014205265592625275,19
ptc_to_ejc.G3BP1,0.00016386659949995787,600,596,0.00017523008884957138,-4
ptc_to_ejc.TIAL1,0.00016150286256933684,601,593,0.00017826869991173519,-8
ptc_pm100.RALY,0.0001600252736291996,602,585,0.00019458099459343913,-17
utr3_all.MSI1,0.00015952287115857813,603,595,0.00017549859188955585,-8
newutr_200.ERI1,0.00015869642021898821,604,601,0.0001651143640881603,-3
utr3_all.FXR1,0.00015798963898875309,605,594,0.0001777642431598701,-11
ejc_pm100.RBMY1A1,0.00015729515460655375,606,599,0.00016870890998446059,-7
newutr_200.ELAVL2,0.0001557038440283945,607,615,0.00014665553612169132,8
ptc_to_ejc.HNRNPLL,0.00015560748922364403,608,610,0.00015390038356080248,2
utr3_all.FUS,0.00015462798525907534,609,608,0.0001554726801311225,-1
ejc_pm100.IFIH1,0.00015221088586610376,610,600,0.00016769606698074907,-10
newutr_all.AKAP1,0.00015151882367259894,611,603,0.0001619908878850541,-8
utr3_200.G3BP1,0.00015138403417828313,612,616,0.00014585410608721467,4
utr3_200.IGF2BP3,0.00014826612760390336,613,620,0.00013614288320889348,7
ptc_pm100.IGF2BP2,0.00014198557521380163,614,614,0.00014678591539840394,0
utr3_all.RBM14,0.0001413412952806933,615,604,0.00016037089290456684,-11
utr3_200.IGF2BP2,0.00014076704920208002,616,628,0.00011052378794816148,12
ptc_pm100.ESRP2,0.00014068806966757838,617,617,0.00014355179795021844,0
ptc_pm100.PABPC5,0.0001384096323183274,618,622,0.00013169050132489103,4
utr3_200.ERI1,0.00013568982421814218,619,631,0.0001056034863052469,12
utr3_200.ENOX1,0.00013349526779347955,620,609,0.0001545517621559921,-11
utr3_200.CELF5,0.0001333938022051118,621,621,0.00013457342894016515,0
ejc_pm100.SSB,0.00013204567685699841,622,619,0.0001366476891598578,-3
ptc_to_ejc.HNRNPDL,0.00013146602957195432,623,611,0.00015075143374025,-12
newutr_all.HNRNPD,0.00013102452400610046,624,626,0.0001226277246265909,2
ejc_pm100.PABPN1,0.00013091546834237156,625,624,0.00012860877521050565,-1
ptc_pm100.IGF2BP1,0.00012810080906782638,626,627,0.00011954362205260339,1
ejc_pm100.ERI1,0.00012612379214313013,627,613,0.00014710390967702472,-14
utr3_200.IFIH1,0.0001234560575686611,628,612,0.00014716981776152248,-16
utr3_200.CELF4,0.00011801912210078388,629,632,0.00010508675326296821,3
ejc_pm100.KHDRBS1,0.00011129033952346827,630,637,9.858357588273148e-05,7
ejc_pm100.SNRPB2,0.00011112918416757886,631,633,0.00010452314034086966,2
ptc_pm100.FXR2,0.00010452288040127497,632,640,9.067058250949436e-05,8
ptc_to_ejc.IGHMBP2,0.00010202225717372183,633,625,0.000124122560166507,-8
ptc_pm100.SNRPB2,0.00010136168969351716,634,629,0.0001091078210253828,-5
utr3_200.QKI,0.00010044496361044556,635,638,9.696109934414415e-05,3
ejc_pm100.HNRNPAB,9.848939892440531e-05,636,639,9.130658885973679e-05,3
newutr_all.TUT1,9.655936271712085e-05,637,636,9.967737710847955e-05,-1
ptc_to_ejc.ELAVL1,9.36626534599131e-05,638,630,0.00010605120176752462,-8
newutr_200.SNRPB2,8.979969533445371e-05,639,648,7.428950587267706e-05,9
ejc_pm100.RBM6,8.764305485541738e-05,640,634,0.00010098194263133584,-6
ptc_to_ejc.PABPN1,8.721605372151672e-05,641,635,0.00010064582736882568,-6
ejc_pm100.RBM25,8.611946934621934e-05,642,646,7.645225828823752e-05,4
newutr_200.EIF4B,7.991779992123225e-05,643,641,8.945672734642672e-05,-2
utr3_200.RBM24,7.966932406104656e-05,644,644,8.037100002213805e-05,0
ejc_pm100.ELAVL2,7.814793175901342e-05,645,654,6.835539892668961e-05,9
ejc_pm100.IGF2BP3,7.761096740907522e-05,646,655,6.793257465015722e-05,9
newutr_200.PABPC3,7.72899868968359e-05,647,645,7.820907255021811e-05,-2
ptc_pm100.NONO,7.63997523852855e-05,648,647,7.470776281732035e-05,-1
newutr_200.RBM42,7.521219483754888e-05,649,642,8.317663856642161e-05,-7
ejc_pm100.KHDRBS2,7.409751787987599e-05,650,651,6.93908835939091e-05,1
ejc_pm100.PABPC3,7.036700952092798e-05,651,657,6.64487463605932e-05,6
ptc_to_ejc.U2AF2,6.974417593440302e-05,652,656,6.773357382488268e-05,4
ptc_to_ejc.IGF2BP2,6.925167371438691e-05,653,643,8.18368024479363e-05,-10
ptc_to_ejc.RBM6,6.808634926810162e-05,654,649,6.986087546187289e-05,-5
ptc_pm100.RBM24,6.477637933901303e-05,655,658,6.319299837467384e-05,3
utr3_200.ZC3H10,6.429696217193042e-05,656,652,6.892531548393942e-05,-4
ptc_pm100.KHDRBS1,6.37150434713912e-05,657,653,6.851073051567412e-05,-4
utr3_200.FXR1,6.335464526675552e-05,658,662,5.6403377886120556e-05,4
utr3_200.G3BP2,6.105767463237523e-05,659,665,5.157566403618018e-05,6
ejc_pm100.TUT1,5.98114176421718e-05,660,659,6.048342846072864e-05,-1
ptc_to_ejc.TUT1,5.9639821039661405e-05,661,661,5.763349262138556e-05,0
ptc_to_ejc.RBM24,5.6970863914043397e-05,662,666,4.9754507514849765e-05,4
utr3_all.TUT1,5.6480355586014214e-05,663,650,6.962861171950864e-05,-13
ptc_to_ejc.RBM25,5.391007460390288e-05,664,660,5.8498473704762165e-05,-4
utr3_200.SNRNP70,5.134958169940337e-05,665,664,5.196355339419636e-05,-1
newutr_200.RBMY1A1,4.074338965887438e-05,666,670,3.7838007384402835e-05,4
ptc_to_ejc.IGF2BP1,3.7136620995315166e-05,667,672,3.455258580605496e-05,5
ptc_pm100.ELAVL3,3.608242833851374e-05,668,669,4.480296323907974e-05,1
utr3_200.YBX2,3.574925301512952e-05,669,663,5.5278864754290183e-05,-6
newutr_200.HNRNPA1L2,3.3645575935096097e-05,670,668,4.73222828914171e-05,-2
utr3_200.RBM3,3.1039600570267344e-05,671,667,4.8363649334223385e-05,-4
utr3_200.RBM42,3.0013056363027783e-05,672,673,3.2759833014728854e-05,1
newutr_200.ELAVL3,2.9403536526854384e-05,673,671,3.5543212651379485e-05,-2
newutr_200.YBX2,2.9299801128847375e-05,674,675,2.7163528701758176e-05,1
ptc_pm100.RBMS1,2.8362950007809694e-05,675,674,2.793295326489644e-05,-1
ptc_pm100.RBM8A,2.592702252227224e-05,676,676,2.1999727117668024e-05,0
ptc_to_ejc.HNRNPA1L2,1.7077068343270773e-05,677,677,1.641637900255777e-05,0
ejc_pm100.AKAP1,1.4007406185083925e-05,678,680,4.337454433633551e-06,2
newutr_200.AKAP1,1.2788240030835489e-05,679,678,1.2298634894191177e-05,-1
newutr_200.RBM3,8.29605911036687e-06,680,679,7.418555571614968e-06,-1
ptc_to_ejc.YBX2,0.0,681,696,0.0,15
ptc_to_ejc.ZC3H10,0.0,682,727,0.0,45
utr3_200.SNRPB2,0.0,683,693,0.0,10
ptc_to_ejc.SART3,0.0,684,746,0.0,62
ptc_to_ejc.SRSF4,0.0,685,716,0.0,31
ptc_to_ejc.RBM8A,0.0,686,731,0.0,45
ptc_to_ejc.ZCRB1,0.0,687,730,0.0,43
ptc_to_ejc.RBMS3,0.0,688,734,0.0,46
ejc_pm100.NOVA1,0.0,689,692,0.0,3
ejc_pm100.IGF2BP2,0.0,690,690,0.0,0
ptc_to_ejc.SNRPB2,0.0,691,710,0.0,19
ejc_pm100.IGF2BP1,0.0,692,689,0.0,-3
ptc_to_ejc.RBMY1A1,0.0,693,738,0.0,45
ejc_pm100.NONO,0.0,694,703,0.0,9
ptc_to_ejc.SRSF10,0.0,695,713,0.0,18
ejc_pm100.SNRNP70,0.0,696,737,0.0,41
ejc_pm100.PPRC1,0.0,697,694,0.0,-3
ejc_pm100.U2AF2,0.0,698,715,0.0,17
utr3_200.U2AF2,0.0,699,748,0.0,49
utr3_all.HNRNPC,0.0,700,721,0.0,21
utr3_all.HNRNPA2B1,0.0,701,722,0.0,21
ptc_to_ejc.HNRNPAB,0.0,702,761,0.0,59
ptc_to_ejc.HNRNPA3,0.0,703,769,0.0,66
utr3_all.FXR2,0.0,704,705,0.0,1
ptc_to_ejc.HNRNPA1,0.0,705,771,0.0,66
ptc_to_ejc.FXR2,0.0,706,841,0.0,135
ptc_to_ejc.FXR1,0.0,707,847,0.0,140
ptc_to_ejc.FUS,0.0,708,850,0.0,142
ptc_to_ejc.ELAVL4,0.0,709,806,0.0,97
ptc_to_ejc.ELAVL2,0.0,710,811,0.0,101
ptc_to_ejc.DAZAP1,0.0,711,824,0.0,113
utr3_all.ANKHD1,0.0,712,743,0.0,31
utr3_all.AKAP1,0.0,713,699,0.0,-14
ptc_to_ejc.CPEB4,0.0,714,803,0.0,89
ptc_to_ejc.CPEB2,0.0,715,751,0.0,36
plus2_is_G,0.0,716,724,0.0,8
ptc_to_ejc.CELF5,0.0,717,683,0.0,-34
ptc_to_ejc.CELF4,0.0,718,686,0.0,-32
utr3_200.ZFP36L2,0.0,719,698,0.0,-21
ptc_to_ejc.HNRNPM,0.0,720,785,0.0,65
ptc_to_ejc.IGF2BP3,0.0,721,784,0.0,63
ptc_to_ejc.RBM5,0.0,722,700,0.0,-22
ptc_to_ejc.KHSRP,0.0,723,781,0.0,58
ejc_pm100.PUM2,0.0,724,684,0.0,-40
ptc_to_ejc.RBM42,0.0,725,697,0.0,-28
ejc_pm100.RALY,0.0,726,704,0.0,-22
ejc_pm100.RBFOX1,0.0,727,702,0.0,-25
ejc_pm100.RBM14,0.0,728,706,0.0,-22
ejc_pm100.RBM24,0.0,729,707,0.0,-22
ptc_to_ejc.RBM4,0.0,730,695,0.0,-35
ptc_to_ejc.RBM28,0.0,731,691,0.0,-40
ejc_pm100.RBM8A,0.0,732,733,0.0,1
ptc_to_ejc.RBM14,0.0,733,687,0.0,-46
ptc_to_ejc.RALY,0.0,734,682,0.0,-52
utr3_200.SRSF4,0.0,735,718,0.0,-17
ptc_to_ejc.PPRC1,0.0,736,809,0.0,73
ejc_pm100.SRP14,0.0,737,739,0.0,2
ptc_to_ejc.PCBP1,0.0,738,834,0.0,96
utr3_all.IGF2BP1,0.0,739,736,0.0,-3
ptc_to_ejc.PABPC5,0.0,740,767,0.0,27
ptc_to_ejc.PABPC3,0.0,741,762,0.0,21
ptc_to_ejc.PABPC1,0.0,742,758,0.0,16
ptc_to_ejc.NOVA1,0.0,743,776,0.0,33
ptc_to_ejc.MATR3,0.0,744,780,0.0,36
utr3_all.PPRC1,0.0,745,807,0.0,62
utr3_all.RBM28,0.0,746,844,0.0,98
ejc_pm100.FUS,0.0,747,825,0.0,78
newutr_all.ZNF638,0.0,748,846,0.0,98
newutr_200.ZCRB1,0.0,749,787,0.0,38
newutr_200.ZFP36,0.0,750,853,0.0,103
ptc_pm100.AGO1,0.0,751,778,0.0,27
ptc_pm100.ANKHD1,0.0,752,789,0.0,37
newutr_all.TRA2B,0.0,753,805,0.0,52
ptc_pm100.CNOT4,0.0,754,795,0.0,41
ptc_pm100.CPEB2,0.0,755,796,0.0,41
newutr_all.TIA1,0.0,756,814,0.0,58
utr3_200.FXR2,0.0,757,701,0.0,-56
ptc_pm100.ELAVL2,0.0,758,800,0.0,42
ptc_pm100.ELAVL4,0.0,759,790,0.0,31
newutr_all.SRSF3,0.0,760,821,0.0,61
newutr_all.SRSF2,0.0,761,822,0.0,61
ptc_pm100.FXR1,0.0,762,775,0.0,13
newutr_all.SRSF1,0.0,763,826,0.0,63
ptc_pm100.G3BP2,0.0,764,754,0.0,-10
newutr_all.SFPQ,0.0,765,744,0.0,-21
newutr_all.RBM8A,0.0,766,688,0.0,-78
ptc_pm100.HNRNPDL,0.0,767,759,0.0,-8
newutr_all.RBM3,0.0,768,681,0.0,-87
utr3_200.HNRNPD,0.0,769,741,0.0,-28
utr3_200.HNRNPDL,0.0,770,742,0.0,-28
utr3_200.HNRNPM,0.0,771,728,0.0,-43
newutr_all.ZFP36L2,0.0,772,848,0.0,76
newutr_200.U2AF2,0.0,773,786,0.0,13
utr3_all.SRSF1,0.0,774,756,0.0,-18
newutr_200.A1CF,0.0,775,830,0.0,55
newutr_200.PABPN1,0.0,776,799,0.0,23
newutr_200.PPRC1,0.0,777,794,0.0,17
newutr_200.KHDRBS3,0.0,778,764,0.0,-14
newutr_200.RALY,0.0,779,793,0.0,14
newutr_200.RBM14,0.0,780,792,0.0,12
newutr_200.RBM25,0.0,781,791,0.0,10
newutr_200.RBM28,0.0,782,788,0.0,6
utr3_200.ANKHD1,0.0,783,752,0.0,-31
newutr_200.KHDRBS1,0.0,784,753,0.0,-31
newutr_200.RBM8A,0.0,785,783,0.0,-2
newutr_200.IGF2BP3,0.0,786,755,0.0,-31
newutr_200.HNRNPU,0.0,787,757,0.0,-30
utr3_200.CNOT4,0.0,788,840,0.0,52
utr3_200.CPEB2,0.0,789,852,0.0,63
newutr_200.HNRNPDL,0.0,790,763,0.0,-27
newutr_200.SNRNP70,0.0,791,749,0.0,-42
utr3_200.DAZAP1,0.0,792,828,0.0,36
newutr_200.SRP14,0.0,793,779,0.0,-14
utr3_200.EIF4B,0.0,794,816,0.0,22
newutr_200.FXR2,0.0,795,777,0.0,-18
utr3_all.ZNF638,0.0,796,797,0.0,1
newutr_200.SRSF7,0.0,797,782,0.0,-15
utr3_200.ELAVL3,0.0,798,819,0.0,21
newutr_all.PTBP1,0.0,799,732,0.0,-67
ptc_pm100.HNRNPM,0.0,800,765,0.0,-35
ejc_pm100.ESRP2,0.0,801,823,0.0,22
ptc_pm100.SRP14,0.0,802,845,0.0,43
utr3_200.RALY,0.0,803,723,0.0,-80
utr3_200.RBM25,0.0,804,740,0.0,-64
ptc_pm100.SSB,0.0,805,842,0.0,37
utr3_all.RBM25,0.0,806,849,0.0,43
utr3_all.RBM24,0.0,807,851,0.0,44
ptc_pm100.TIAL1,0.0,808,827,0.0,19
newutr_all.ELAVL1,0.0,809,714,0.0,-95
ptc_pm100.ZCRB1,0.0,810,808,0.0,-2
ptc_pm100.ZNF638,0.0,811,810,0.0,-1
utr3_200.RBM6,0.0,812,760,0.0,-52
ejc_pm100.A1CF,0.0,813,750,0.0,-63
ejc_pm100.AGO1,0.0,814,812,0.0,-2
utr3_200.RBM8A,0.0,815,685,0.0,-130
ejc_pm100.CELF4,0.0,816,813,0.0,-3
utr3_200.RBMS3,0.0,817,747,0.0,-70
ejc_pm100.CNOT4,0.0,818,804,0.0,-14
ejc_pm100.CPEB2,0.0,819,815,0.0,-4
ejc_pm100.CPEB4,0.0,820,817,0.0,-3
newutr_all.CELF4,0.0,821,709,0.0,-112
ejc_pm100.DAZAP1,0.0,822,818,0.0,-4
newutr_all.ANKHD1,0.0,823,708,0.0,-115
ejc_pm100.ELAVL3,0.0,824,820,0.0,-4
utr3_200.SART3,0.0,825,712,0.0,-113
newutr_all.HNRNPA1,0.0,826,719,0.0,-107
utr3_all.RBM8A,0.0,827,829,0.0,2
ptc_pm100.IFIH1,0.0,828,766,0.0,-62
ptc_pm100.SNRNP70,0.0,829,843,0.0,14
newutr_all.PCBP1,0.0,830,735,0.0,-95
ptc_pm100.KHDRBS3,0.0,831,768,0.0,-63
ptc_pm100.MATR3,0.0,832,770,0.0,-62
ptc_pm100.NOVA1,0.0,833,772,0.0,-61
utr3_200.KHDRBS2,0.0,834,717,0.0,-117
newutr_all.MBNL1,0.0,835,745,0.0,-90
ptc_pm100.PPRC1,0.0,836,801,0.0,-35
newutr_all.IGF2BP3,0.0,837,711,0.0,-126
ptc_pm100.PUM2,0.0,838,802,0.0,-36
newutr_all.HNRNPLL,0.0,839,720,0.0,-119
ptc_pm100.RBFOX1,0.0,840,831,0.0,-9
ptc_pm100.RBM14,0.0,841,832,0.0,-9
ptc_pm100.RBM28,0.0,842,833,0.0,-9
utr3_200.PABPN1,0.0,843,729,0.0,-114
ptc_pm100.RBM42,0.0,844,835,0.0,-9
ptc_pm100.RBM46,0.0,845,836,0.0,-9
utr3_all.RBMY1A1,0.0,846,773,0.0,-73
ptc_pm100.RBM6,0.0,847,837,0.0,-10
ptc_pm100.RBMS3,0.0,848,838,0.0,-10
newutr_all.HNRNPH2,0.0,849,725,0.0,-124
ptc_pm100.RBMY1A1,0.0,850,839,0.0,-11
newutr_all.HNRNPH1,0.0,851,726,0.0,-125
utr3_all.RBMS3,0.0,852,774,0.0,-78
newutr_200.PCBP1,0.0,853,798,0.0,-55
