feature,mean_abs_shap_before,rank_before,mean_abs_shap_after,rank_after,rank_change
phylop_ejc_100bp_median,0.03189945997389107,28,0.06601804813428515,9,19
AmountExonsAfter,0.046789605117356935,18,0.41902328388651,1,17
relPTC_exon,,31,0.04438865085677061,18,13
phylop_new3utr_first200_median,0.023660976230737017,30,0.0355451227583119,22,8
utr3_200.RBM5,0.030168412380752442,29,0.03160075186653541,26,3
phastcons_new3utr_first200_median,0.07739067316189946,7,0.10087790975486498,5,2
PTC.plus1.aa,0.03203300023708724,27,0.03163705678074026,25,2
threeUTR_UC_content,0.05174256224368681,13,0.05196047874333597,12,1
first.200,0.047053305011951284,17,0.04597138460851462,16,1
fiveUTR_AU_content,0.03683040471381343,22,0.037199097275427605,21,1
MedianExpression_log2,0.07263169747167107,9,0.06894701601287977,8,1
isoform_count,0.04931322900981575,15,0.04643569321359096,14,1
cdsseqs_AU_content,0.1716095558680087,4,0.16817765532755008,4,0
ejc_count_in_window,0.03559459566492877,23,0.03540393222852993,23,0
relativePTClocation,0.22223605260244964,2,0.28999517901248123,2,0
half_life_PC1,0.20179627825474372,3,0.1941340509280303,3,0
CADD_phred,0.06377795080340863,10,0.05367941376586108,10,0
log2_CDS,0.059504217428176395,11,0.05337158999064785,11,0
mut.exon,0.08022502200652736,6,0.07356153658518744,7,-1
cdsseqs_UC_content,0.0879953409765252,5,0.08511501293609174,6,-1
gnomAD_exome_ALL,0.04294320706021402,19,0.037484040582894916,20,-1
fiveUTR_AUcontentfirst100,0.0470793580676174,16,0.045785093360736065,17,-1
length.mutated.exon,0.03404378009822006,25,0.030911306098201023,28,-3
phylop_old3utr_whole_median,0.03410804398338143,24,0.031057244684879453,27,-3
CodonOptimalityFraction_CDS,0.05377107250762238,12,0.046158359519445594,15,-3
readthrough_score_hek293t,0.042531507120293764,20,0.03426833769907535,24,-4
first.100,0.032510637228712405,26,0.02676555490361597,30,-4
phastcons_ejc_100bp_median,0.07341715909007389,8,0.04737048213637454,13,-5
threeUTR_AU_content,0.049833489515593764,14,0.04142415213797733,19,-5
phylop_ptc_to_ejc_median,0.03710503731666775,21,0.029095044405612665,29,-8
last.EJC,0.5204835519738407,1,,31,-30
