,last.EJC,relativePTClocation,half_life_PC1,cdsseqs_AU_content,mut.exon,cdsseqs_UC_content,phastcons_new3utr_first200_median,AmountExonsAfter,MedianExpression_log2,CADD_phred,phastcons_ejc_100bp_median,first.200,log2_CDS,phylop_new3utr_first200_median,CodonOptimalityFraction_CDS,phylop_ejc_100bp_median,first.100,threeUTR_UC_content,isoform_count,phylop_ptc_to_ejc_median,readthrough_score_hek293t,gnomAD_exome_ALL,fiveUTR_AU_content,length.mutated.exon,threeUTR_AU_content,ejc_count_in_window,utr3_200.RBM5,PTC.plus1.aa,fiveUTR_AUcontentfirst100,phylop_old3utr_whole_median
last.EJC,1.0,0.5393382435890876,0.20723243134845393,0.0172299759104604,0.027524113909012927,0.025783786189448887,0.4785827572812766,0.4417706742498803,0.07119744572862323,0.10718058040067725,0.2848322548337774,0.14061315595492896,0.21582991902787013,0.4158479345015174,0.05194883133623639,0.43722199612135315,0.11680087802336929,0.10191473336505437,0.15171775263069884,0.23817101245423553,0.012587777916794253,0.005954000624764626,0.03005032622875069,0.2547623906560681,0.04315815038930989,0.2734341207751168,0.02594499841958286,0.10443996833149609,0.041930810245940704,0.02046970695397447
relativePTClocation,0.5393382435890876,1.0,-0.03542112612585481,-0.003993716388380901,0.48993801856010505,-0.004624768017174948,-0.24125826953411747,-0.5341124999611897,-0.0011756655908175527,0.20304464736714034,-0.15138490327594467,0.536721354668217,0.05194118768652664,-0.2175471473285025,-0.010033193001530974,-0.2122706954111323,0.4199139994458145,0.01428022761741726,-0.00944465097770707,-0.03524007415593074,0.008489252711652559,0.0012003112858479615,-0.034277173820395926,0.015586680956832286,0.001123980946213328,-0.13962126154693066,-0.0006907198317359516,0.1311895348836954,-0.00919723374285851,0.0050327664009778466
half_life_PC1,0.20723243134845393,-0.03542112612585481,1.0,-0.16635157213033458,0.03289922286918499,0.14342786239068542,0.1365445145021665,0.08470502206319064,0.3232861625518735,0.12075763975301188,0.006947447385892949,0.05954844950719159,-0.1633422611194705,0.10736231498151415,0.20035464858078172,0.07140877922862598,0.03623817052212881,0.05800938860858926,0.18817702515838078,0.12051368325006954,-0.002885328590556769,0.008263308866135537,-0.1399685307872296,-0.27658177580972443,-0.1428444701480854,0.127880306080108,0.035315637506349924,0.07019170518165549,-0.1109525046429218,-0.07364149864189509
cdsseqs_AU_content,0.0172299759104604,-0.003993716388380901,-0.16635157213033458,1.0,0.020544903952686763,-0.4133851857583461,0.0941774428106158,0.020273445005529647,-0.133252680424664,-0.04604857824250169,0.24498160997535404,0.012315785627828046,0.011980913200611527,0.1466377509195061,-0.6738401778748402,0.23696757901504562,0.005306694101703279,-0.06729277312904848,-0.06541168996033575,0.15123604674966326,-0.0007854209810362842,-0.019410434582073838,0.29281727004747926,0.02069042317562745,0.6350064395747169,-0.10562893663010942,-0.08094629123800401,0.16908943726823988,0.16257301594046167,0.23165690883724674
mut.exon,0.027524113909012927,0.48993801856010505,0.03289922286918499,0.020544903952686763,1.0,-0.037030419236815035,0.03780523144660479,0.03370992030571308,0.021499400372000002,0.2794660338095166,0.004506515866827672,0.3011997329824736,0.5940721349094737,0.049335857003761814,0.04306798160270717,0.0452522296165537,0.21169588630948188,0.026191342926555065,0.20875580743001412,0.09561474290150276,0.018414854299653827,0.004604928900808294,-0.08909611002861689,-0.08122145901574199,-0.010393521728562172,0.03348797948946432,-0.017556746580586653,0.0710626616810361,-0.05309545749118629,0.06157157058483361
cdsseqs_UC_content,0.025783786189448887,-0.004624768017174948,0.14342786239068542,-0.4133851857583461,-0.037030419236815035,1.0,-0.014100031800219851,-0.008288755403616878,-0.06427714784552664,0.02546322177099618,-0.09359068579899153,0.010962087508330326,-0.027331284772605283,-0.04890453758596687,0.13874277017805056,-0.07534397835889009,0.00970405290671872,-0.053291911422177964,0.04620914202247327,-0.06199625395274046,0.0664457107829537,-0.0048860456346714485,-0.12015759000988292,-0.05160008842661757,-0.2965560890964914,-0.005978347056714441,0.03922366066815737,0.13861851800378316,-0.045854892669884996,-0.08910904560847165
phastcons_new3utr_first200_median,0.4785827572812766,-0.24125826953411747,0.1365445145021665,0.0941774428106158,0.03780523144660479,-0.014100031800219851,1.0,0.2488821625902671,0.2685436276773139,0.2690439476649025,0.36864773803300815,0.021736220344914743,0.09973550399355352,0.706656210617408,0.009289628153003276,0.5318218576077838,0.0010703170594878993,0.1065066123909059,0.1334161060560361,0.5823322266233407,0.028559755426344025,-0.013695614450163809,-0.12813401783224151,-0.2168926738358615,0.13987053525095522,0.21374282394992805,-0.0046036094731480865,0.09967245047857455,-0.05927323059104277,0.1937062154051764
AmountExonsAfter,0.4417706742498803,-0.5341124999611897,0.08470502206319064,0.020273445005529647,0.03370992030571308,-0.008288755403616878,0.2488821625902671,1.0,0.035626672400383884,-0.01227203892823198,0.16366940347165826,0.07486321134978619,0.5096823716216607,0.2565312625576162,0.038921119125045256,0.23970100237934794,0.07598682045342887,0.026629672818782188,0.19422917760201372,0.15624425759063337,0.009149611250798774,0.007830598897558747,-0.057294275515065565,-0.10534258009715902,-0.0030313486109707004,0.20483560614278085,0.007431659412384659,0.08674683824165146,-0.041296059168161356,0.06904918524799245
MedianExpression_log2,0.07119744572862323,-0.0011756655908175527,0.3232861625518735,-0.133252680424664,0.021499400372000002,-0.06427714784552664,0.2685436276773139,0.035626672400383884,1.0,0.14284079743880054,0.13475012064701297,0.009035839737097621,-0.03369190430963756,0.26767702229600493,0.14420300075625395,0.18505270026334303,0.005521119628331104,0.18501749775794685,0.21488082719777454,0.2846411658191722,0.0006184441466519682,-0.018229056468451275,-0.23615618267343555,-0.07946985609018757,0.0024986706433579534,0.2733257298182521,-0.015042281923054708,0.07630461083522554,-0.08971053445578257,0.13274862877048108
CADD_phred,0.10718058040067725,0.20304464736714034,0.12075763975301188,-0.04604857824250169,0.2794660338095166,0.02546322177099618,0.2690439476649025,-0.01227203892823198,0.14284079743880054,1.0,0.07129375932954449,0.12116035893339934,0.10208663994761608,0.2423600178288998,0.07403282681675162,0.14217064190213477,0.08674132714551,0.07166806063272008,0.0642050710945058,0.34182780376923183,-0.05124431244872456,0.005083016214426621,-0.12091189702999242,-0.18130424431485345,0.0029113660890442636,0.07535425562062993,0.013846479251883011,0.08174200351732043,-0.06896927573224668,0.005021976317610604
phastcons_ejc_100bp_median,0.2848322548337774,-0.15138490327594467,0.006947447385892949,0.24498160997535404,0.004506515866827672,-0.09359068579899153,0.36864773803300815,0.16366940347165826,0.13475012064701297,0.07129375932954449,1.0,0.009987666295241934,0.08787735612162298,0.5004424978680565,-0.1746248251575893,0.787677426094893,0.00250541968746125,0.045696919376224436,0.046817926773858716,0.46380421691146506,0.03567764286960172,-0.0005573422947333665,-0.015395626238654321,-0.08323200508339777,0.19979170538034222,0.11882567961408243,-0.009728241679593777,0.06370926506594383,0.004963009299668507,0.24865194411121824
first.200,0.14061315595492896,0.536721354668217,0.05954844950719159,0.012315785627828046,0.3011997329824736,0.010962087508330326,0.021736220344914743,0.07486321134978619,0.009035839737097621,0.12116035893339934,0.009987666295241934,1.0,0.2993611019555818,0.010843814120907935,0.006941884234248577,0.005183624061530997,0.6705526928191453,0.07315901238102412,0.07803947340786441,0.08507121660201969,0.013031666972415172,0.0030871829457010964,0.05428780334512252,0.06999318493138258,0.03996746857265772,0.0011684014019542437,0.0006831911546587114,0.07209066264321012,0.0006345547866261829,0.03064061945949541
log2_CDS,0.21582991902787013,0.05194118768652664,-0.1633422611194705,0.011980913200611527,0.5940721349094737,-0.027331284772605283,0.09973550399355352,0.5096823716216607,-0.03369190430963756,0.10208663994761608,0.08787735612162298,0.2993611019555818,1.0,0.11691201600611889,0.0191764527625611,0.1357907279540274,0.18771717434927995,0.08665854660828981,0.22621365069352942,0.07055068319174193,0.008406644694693802,0.009192043477841754,-0.07944520513933448,0.19823056558772043,0.04569037898633324,0.12798936538147843,-0.014959533471238533,0.07491254896327713,0.018261176969612866,0.09771298830597172
phylop_new3utr_first200_median,0.4158479345015174,-0.2175471473285025,0.10736231498151415,0.1466377509195061,0.049335857003761814,-0.04890453758596687,0.706656210617408,0.2565312625576162,0.26767702229600493,0.2423600178288998,0.5004424978680565,0.010843814120907935,0.11691201600611889,1.0,-0.019457975205491435,0.6078862742112231,0.016568612970455022,0.09723347074730816,0.09683743346229677,0.8045550717265247,0.04467459305492321,-0.018130786462778662,-0.11462677735265717,-0.197936928860155,0.14564840079592362,0.2079222921011219,-0.02115848475009743,0.11063231600041978,-0.05694146838968375,0.20597883014931537
CodonOptimalityFraction_CDS,0.05194883133623639,-0.010033193001530974,0.20035464858078172,-0.6738401778748402,0.04306798160270717,0.13874277017805056,0.009289628153003276,0.038921119125045256,0.14420300075625395,0.07403282681675162,-0.1746248251575893,0.006941884234248577,0.0191764527625611,-0.019457975205491435,1.0,-0.14253127006502722,0.011216879039965266,0.08351236374493566,0.08901133635935791,-0.01936330511360968,-0.030332166296464052,0.023569060366072793,-0.18585270159778278,-0.0572195764496149,-0.4952429982824088,0.09184613209180376,0.06437316081842764,0.1180063885178313,-0.09679888321150794,-0.22163254438601818
phylop_ejc_100bp_median,0.43722199612135315,-0.2122706954111323,0.07140877922862598,0.23696757901504562,0.0452522296165537,-0.07534397835889009,0.5318218576077838,0.23970100237934794,0.18505270026334303,0.14217064190213477,0.787677426094893,0.005183624061530997,0.1357907279540274,0.6078862742112231,-0.14253127006502722,1.0,0.007541764750733823,0.06827980650088707,0.09818155578185443,0.5564685065594879,0.05028930842935726,-0.007093613104536981,-0.047579719575854364,-0.12910134049103045,0.20780877866517605,0.1703362403468175,-0.02004142296767718,0.08848544829906896,-0.015215075240805636,0.25473401519129024
first.100,0.11680087802336929,0.4199139994458145,0.03623817052212881,0.005306694101703279,0.21169588630948188,0.00970405290671872,0.0010703170594878993,0.07598682045342887,0.005521119628331104,0.08674132714551,0.00250541968746125,0.6705526928191453,0.18771717434927995,0.016568612970455022,0.011216879039965266,0.007541764750733823,1.0,0.04505864525746506,0.043218325919021694,0.0790482836970742,0.014535757488738444,0.0019637358013139773,0.03165438402768136,0.06101137023747584,0.033301108694669734,0.02167785562640627,0.007993791183746091,0.07640137583907357,0.011893341768712245,0.005853722505121826
threeUTR_UC_content,0.10191473336505437,0.01428022761741726,0.05800938860858926,-0.06729277312904848,0.026191342926555065,-0.053291911422177964,0.1065066123909059,0.026629672818782188,0.18501749775794685,0.07166806063272008,0.045696919376224436,0.07315901238102412,0.08665854660828981,0.09723347074730816,0.08351236374493566,0.06827980650088707,0.04505864525746506,1.0,0.0781699703410507,0.10891096968357517,-0.01214863834447477,-0.020755610132178623,0.031854800517388336,-0.031745036136300454,0.3999681071434135,0.06093724399022696,0.07465749072970916,0.0626089685984524,0.050482274186401124,-0.19067008918264594
isoform_count,0.15171775263069884,-0.00944465097770707,0.18817702515838078,-0.06541168996033575,0.20875580743001412,0.04620914202247327,0.1334161060560361,0.19422917760201372,0.21488082719777454,0.0642050710945058,0.046817926773858716,0.07803947340786441,0.22621365069352942,0.09683743346229677,0.08901133635935791,0.09818155578185443,0.043218325919021694,0.0781699703410507,1.0,0.0921238759242277,-0.014837288821620104,0.014997300104716444,-0.03267016436623524,-0.10941193539569766,-0.07433091944546708,0.21054331114224123,0.011640583331765604,0.05480418401732968,0.038339858943072944,0.06308343826556488
phylop_ptc_to_ejc_median,0.23817101245423553,-0.03524007415593074,0.12051368325006954,0.15123604674966326,0.09561474290150276,-0.06199625395274046,0.5823322266233407,0.15624425759063337,0.2846411658191722,0.34182780376923183,0.46380421691146506,0.08507121660201969,0.07055068319174193,0.8045550717265247,-0.01936330511360968,0.5564685065594879,0.0790482836970742,0.10891096968357517,0.0921238759242277,1.0,0.04032749938422339,-0.0261587048242164,-0.11448984178351919,-0.22363733233921426,0.14550346750824733,0.16564366588195029,-0.009302669454701862,0.10378805979565942,-0.06447416526256637,0.19801308722929403
readthrough_score_hek293t,0.012587777916794253,0.008489252711652559,-0.002885328590556769,-0.0007854209810362842,0.018414854299653827,0.0664457107829537,0.028559755426344025,0.009149611250798774,0.0006184441466519682,-0.05124431244872456,0.03567764286960172,0.013031666972415172,0.008406644694693802,0.04467459305492321,-0.030332166296464052,0.05028930842935726,0.014535757488738444,-0.01214863834447477,-0.014837288821620104,0.04032749938422339,1.0,0.011107804767108683,-0.005752736979385405,-0.006889484966075691,-0.0026869364654426462,0.0364433496569189,-0.0003250026099427633,0.4354550600621702,-0.012418110691613412,0.016599854230958656
gnomAD_exome_ALL,0.005954000624764626,0.0012003112858479615,0.008263308866135537,-0.019410434582073838,0.004604928900808294,-0.0048860456346714485,-0.013695614450163809,0.007830598897558747,-0.018229056468451275,0.005083016214426621,-0.0005573422947333665,0.0030871829457010964,0.009192043477841754,-0.018130786462778662,0.023569060366072793,-0.007093613104536981,0.0019637358013139773,-0.020755610132178623,0.014997300104716444,-0.0261587048242164,0.011107804767108683,1.0,0.016698004828014215,-0.006932449219179936,-0.023844703898279983,-0.013108570524007927,-0.0036111234748686973,0.06406057991154812,0.013675437721287076,-0.0023675275946898103
fiveUTR_AU_content,0.03005032622875069,-0.034277173820395926,-0.1399685307872296,0.29281727004747926,-0.08909611002861689,-0.12015759000988292,-0.12813401783224151,-0.057294275515065565,-0.23615618267343555,-0.12091189702999242,-0.015395626238654321,0.05428780334512252,-0.07944520513933448,-0.11462677735265717,-0.18585270159778278,-0.047579719575854364,0.03165438402768136,0.031854800517388336,-0.03267016436623524,-0.11448984178351919,-0.005752736979385405,0.016698004828014215,1.0,0.05025995570601057,0.21634276722035897,-0.11702517956821003,-0.03255955773672078,0.07171988655478552,0.45270020336363076,-0.033576562692440325
length.mutated.exon,0.2547623906560681,0.015586680956832286,-0.27658177580972443,0.02069042317562745,-0.08122145901574199,-0.05160008842661757,-0.2168926738358615,-0.10534258009715902,-0.07946985609018757,-0.18130424431485345,-0.08323200508339777,0.06999318493138258,0.19823056558772043,-0.197936928860155,-0.0572195764496149,-0.12910134049103045,0.06101137023747584,-0.031745036136300454,-0.10941193539569766,-0.22363733233921426,-0.006889484966075691,-0.006932449219179936,0.05025995570601057,1.0,0.025308132999909687,-0.10596330735738684,-0.02157877500985816,0.057953500627209324,0.08358966454367332,0.006067779669779888
threeUTR_AU_content,0.04315815038930989,0.001123980946213328,-0.1428444701480854,0.6350064395747169,-0.010393521728562172,-0.2965560890964914,0.13987053525095522,-0.0030313486109707004,0.0024986706433579534,0.0029113660890442636,0.19979170538034222,0.03996746857265772,0.04569037898633324,0.14564840079592362,-0.4952429982824088,0.20780877866517605,0.033301108694669734,0.3999681071434135,-0.07433091944546708,0.14550346750824733,-0.0026869364654426462,-0.023844703898279983,0.21634276722035897,0.025308132999909687,1.0,-0.07013111898936294,-0.045234011055142874,0.10143148457957626,0.14495756842462668,0.13476235430515227
ejc_count_in_window,0.2734341207751168,-0.13962126154693066,0.127880306080108,-0.10562893663010942,0.03348797948946432,-0.005978347056714441,0.21374282394992805,0.20483560614278085,0.2733257298182521,0.07535425562062993,0.11882567961408243,0.0011684014019542437,0.12798936538147843,0.2079222921011219,0.09184613209180376,0.1703362403468175,0.02167785562640627,0.06093724399022696,0.21054331114224123,0.16564366588195029,0.0364433496569189,-0.013108570524007927,-0.11702517956821003,-0.10596330735738684,-0.07013111898936294,1.0,-0.004712978478477324,0.07014165968044352,-0.06943685308881427,-0.010384448298941973
utr3_200.RBM5,0.02594499841958286,-0.0006907198317359516,0.035315637506349924,-0.08094629123800401,-0.017556746580586653,0.03922366066815737,-0.0046036094731480865,0.007431659412384659,-0.015042281923054708,0.013846479251883011,-0.009728241679593777,0.0006831911546587114,-0.014959533471238533,-0.02115848475009743,0.06437316081842764,-0.02004142296767718,0.007993791183746091,0.07465749072970916,0.011640583331765604,-0.009302669454701862,-0.0003250026099427633,-0.0036111234748686973,-0.03255955773672078,-0.02157877500985816,-0.045234011055142874,-0.004712978478477324,1.0,0.054021370627302175,-0.01673991755592115,-0.03557985954353045
PTC.plus1.aa,0.10443996833149609,0.1311895348836954,0.07019170518165549,0.16908943726823988,0.0710626616810361,0.13861851800378316,0.09967245047857455,0.08674683824165146,0.07630461083522554,0.08174200351732043,0.06370926506594383,0.07209066264321012,0.07491254896327713,0.11063231600041978,0.1180063885178313,0.08848544829906896,0.07640137583907357,0.0626089685984524,0.05480418401732968,0.10378805979565942,0.4354550600621702,0.06406057991154812,0.07171988655478552,0.057953500627209324,0.10143148457957626,0.07014165968044352,0.054021370627302175,1.0,0.058224730591313674,0.06201968474431669
fiveUTR_AUcontentfirst100,0.041930810245940704,-0.00919723374285851,-0.1109525046429218,0.16257301594046167,-0.05309545749118629,-0.045854892669884996,-0.05927323059104277,-0.041296059168161356,-0.08971053445578257,-0.06896927573224668,0.004963009299668507,0.0006345547866261829,0.018261176969612866,-0.05694146838968375,-0.09679888321150794,-0.015215075240805636,0.011893341768712245,0.050482274186401124,0.038339858943072944,-0.06447416526256637,-0.012418110691613412,0.013675437721287076,0.45270020336363076,0.08358966454367332,0.14495756842462668,-0.06943685308881427,-0.01673991755592115,0.058224730591313674,1.0,-0.004750299633721197
phylop_old3utr_whole_median,0.02046970695397447,0.0050327664009778466,-0.07364149864189509,0.23165690883724674,0.06157157058483361,-0.08910904560847165,0.1937062154051764,0.06904918524799245,0.13274862877048108,0.005021976317610604,0.24865194411121824,0.03064061945949541,0.09771298830597172,0.20597883014931537,-0.22163254438601818,0.25473401519129024,0.005853722505121826,-0.19067008918264594,0.06308343826556488,0.19801308722929403,0.016599854230958656,-0.0023675275946898103,-0.033576562692440325,0.006067779669779888,0.13476235430515227,-0.010384448298941973,-0.03557985954353045,0.06201968474431669,-0.004750299633721197,1.0
