n_features,oof_auc
1,0.641702507198402
2,0.7211569218727241
3,0.7309824571505672
4,0.764749313098835
5,0.7714401488942606
6,0.7710101113120258
7,0.7709733903723797
8,0.7731827465750098
9,0.77383493974228
10,0.7751559175977234
11,0.7726122910474837
12,0.7746465213070508
13,0.774397038511116
14,0.7746662847363619
15,0.7743288424803445
16,0.7743886207541871
17,0.7762210688404161
18,0.775863497165656
19,0.7760556416172926
20,0.7776639211766121
21,0.7788746752148785
22,0.7791045165779793
23,0.7796876597391375
24,0.7795856706841733
25,0.7827985699084953
26,0.7809223860851794
27,0.7830753799153296
28,0.7833313285245574
29,0.7825298116691582
30,0.782371460241714
