feature_a,feature_b,pct_retrained_model,pct_full_truncat_model,correlation_section2,flag
last.EJC,MedianExpression_log2,77.5,117.2,0.071,
last.EJC,log2_CDS,65.0,85.2,0.216,
half_life_PC1,log2_CDS,38.7,31.5,-0.163,
relativePTClocation,MedianExpression_log2,37.6,26.7,-0.001,INTERACTION EMERGED after removing other features
last.EJC,mut.exon,27.6,29.4,0.028,
half_life_PC1,MedianExpression_log2,25.0,15.2,0.323,
last.EJC,first.200,24.5,22.8,0.141,
last.EJC,first.100,23.6,32.0,0.117,
last.EJC,phastcons_ptc_to_ejc_median,22.1,16.4,0.606,
phastcons_new3utr_first200_median,MedianExpression_log2,21.0,18.7,0.269,
relativePTClocation,readthrough_score_hek293t,21.0,15.7,0.008,
last.EJC,phylop_new3utr_first200_median,20.8,15.4,0.416,
log2_CDS,readthrough_score_hek293t,20.4,3.9,0.008,INTERACTION EMERGED after removing other features
cdsseqs_AU_content,log2_CDS,20.2,20.7,0.012,
last.EJC,isoform_count,20.0,21.4,0.152,
cdsseqs_AU_content,readthrough_score_hek293t,19.8,5.9,-0.001,INTERACTION EMERGED after removing other features
relativePTClocation,log2_CDS,19.8,19.9,0.052,
phylop_ptc_to_ejc_median,MedianExpression_log2,19.7,12.9,0.247,
half_life_PC1,threeUTR_UC_content,19.0,5.8,0.058,INTERACTION EMERGED after removing other features
mut.exon,readthrough_score_hek293t,18.1,11.8,0.018,
log2_CDS,isoform_count,18.1,6.5,0.226,INTERACTION EMERGED after removing other features
MedianExpression_log2,log2_CDS,18.1,10.1,-0.034,
cdsseqs_AU_content,MedianExpression_log2,18.0,15.7,-0.133,
last.EJC,cdsseqs_UC_content,17.6,16.1,0.026,
MedianExpression_log2,isoform_count,16.3,7.0,0.215,
last.EJC,phylop_ptc_to_ejc_median,16.1,11.8,0.473,
last.EJC,phastcons_new3utr_first200_median,16.0,15.6,0.479,
last.EJC,readthrough_score_hek293t,15.7,10.0,0.013,
AmountExonsAfter,MedianExpression_log2,15.4,10.1,0.036,
half_life_PC1,isoform_count,15.0,11.2,0.188,
last.EJC,cdsseqs_AU_content,14.9,17.9,0.017,
half_life_PC1,readthrough_score_hek293t,14.4,5.3,-0.003,
cdsseqs_AU_content,isoform_count,14.2,8.3,-0.065,
relativePTClocation,mut.exon,14.0,6.7,0.49,
last.EJC,threeUTR_UC_content,13.6,9.8,0.102,
MedianExpression_log2,phylop_new3utr_first200_median,13.5,5.1,0.268,
cdsseqs_UC_content,log2_CDS,13.1,5.8,-0.027,
cdsseqs_UC_content,readthrough_score_hek293t,12.9,4.2,0.066,
isoform_count,readthrough_score_hek293t,12.9,2.5,-0.015,INTERACTION EMERGED after removing other features
MedianExpression_log2,readthrough_score_hek293t,12.8,4.1,0.001,
relativePTClocation,isoform_count,12.5,6.9,-0.009,
cdsseqs_AU_content,cdsseqs_UC_content,12.5,5.7,-0.413,
half_life_PC1,CADD_phred,12.3,6.4,0.121,
log2_CDS,threeUTR_UC_content,12.3,4.4,0.087,
cdsseqs_UC_content,first.200,11.7,7.9,0.011,
cdsseqs_AU_content,first.200,11.5,10.1,0.012,
phastcons_new3utr_first200_median,cdsseqs_UC_content,11.4,8.8,-0.014,
cdsseq_AUcontentlast200,MedianExpression_log2,11.4,3.9,-0.146,
threeUTR_UC_content,readthrough_score_hek293t,11.3,2.1,-0.012,
relativePTClocation,AmountExonsAfter,11.0,3.7,-0.534,
phylop_ptc_to_ejc_median,threeUTR_UC_content,11.0,6.9,0.087,
relativePTClocation,cdsseqs_UC_content,11.0,6.8,-0.005,
MedianExpression_log2,threeUTR_UC_content,10.8,3.5,0.185,
last.EJC,half_life_PC1,10.4,9.5,0.207,
mut.exon,threeUTR_UC_content,10.4,5.2,0.026,
cdsseqs_UC_content,phylop_new3utr_first200_median,10.4,4.2,-0.049,
cdsseqs_UC_content,MedianExpression_log2,10.3,3.8,-0.064,
MedianExpression_log2,phastcons_ptc_to_ejc_median,10.0,6.1,0.247,
last.EJC,relativePTClocation,9.8,10.6,0.539,
phylop_ptc_to_ejc_median,isoform_count,9.8,6.1,0.11,
CADD_phred,readthrough_score_hek293t,9.8,5.3,-0.051,
mut.exon,MedianExpression_log2,9.7,5.9,0.021,
mut.exon,cdsseqs_UC_content,9.6,4.1,-0.037,
last.EJC,CADD_phred,9.5,5.8,0.107,
cdsseqs_UC_content,isoform_count,9.4,2.6,0.046,
cdsseq_AUcontentlast200,log2_CDS,9.3,6.3,-0.061,
AmountExonsAfter,threeUTR_UC_content,9.1,1.1,0.027,
cdsseq_AUcontentlast200,isoform_count,9.1,3.9,-0.127,
cdsseqs_UC_content,threeUTR_UC_content,9.0,3.4,-0.053,
mut.exon,log2_CDS,9.0,6.7,0.594,
relativePTClocation,first.200,8.8,4.2,0.537,
half_life_PC1,cdsseqs_UC_content,8.8,4.1,0.143,
AmountExonsAfter,log2_CDS,8.6,3.1,0.51,
threeUTR_UC_content,isoform_count,8.3,0.9,0.078,
half_life_PC1,phylop_new3utr_first200_median,8.2,6.2,0.107,
cdsseq_AUcontentlast200,cdsseqs_UC_content,8.2,2.8,-0.342,
phylop_ptc_to_ejc_median,log2_CDS,8.2,3.3,0.114,
CADD_phred,threeUTR_UC_content,8.0,3.3,0.072,
cdsseqs_UC_content,first.100,8.0,3.2,0.01,
cdsseqs_AU_content,threeUTR_UC_content,8.0,3.3,-0.067,
relativePTClocation,first.100,7.7,4.6,0.42,
cdsseqs_AU_content,AmountExonsAfter,7.6,4.5,0.02,
CADD_phred,log2_CDS,7.4,3.2,0.102,
half_life_PC1,cdsseq_AUcontentlast200,7.3,6.5,-0.156,
first.200,log2_CDS,7.3,5.3,0.299,
cdsseq_AUcontentlast200,readthrough_score_hek293t,7.3,2.2,0.002,
cdsseqs_AU_content,mut.exon,7.1,4.4,0.021,
phylop_ptc_to_ejc_median,cdsseqs_UC_content,7.1,3.6,-0.051,
relativePTClocation,threeUTR_UC_content,7.1,3.5,0.014,
threeUTR_UC_content,phastcons_ptc_to_ejc_median,7.0,1.4,0.095,
phastcons_new3utr_first200_median,readthrough_score_hek293t,7.0,1.1,0.029,
cdsseq_AUcontentlast200,threeUTR_UC_content,6.9,1.9,-0.076,
half_life_PC1,mut.exon,6.8,3.1,0.033,
cdsseqs_AU_content,CADD_phred,6.8,1.9,-0.046,
phastcons_new3utr_first200_median,log2_CDS,6.6,3.9,0.1,
AmountExonsAfter,phastcons_ptc_to_ejc_median,6.5,1.6,0.279,
phylop_ptc_to_ejc_median,readthrough_score_hek293t,6.4,3.5,0.038,
phastcons_new3utr_first200_median,threeUTR_UC_content,6.4,1.8,0.107,
MedianExpression_log2,CADD_phred,6.2,1.7,0.143,
cdsseq_AUcontentlast200,CADD_phred,6.2,0.8,-0.052,
relativePTClocation,cdsseq_AUcontentlast200,6.2,3.3,-0.008,
AmountExonsAfter,readthrough_score_hek293t,6.2,3.0,0.009,
last.EJC,cdsseq_AUcontentlast200,6.2,8.9,0.024,
MedianExpression_log2,first.100,6.0,5.4,0.006,
cdsseqs_UC_content,phastcons_ptc_to_ejc_median,6.0,3.2,-0.012,
log2_CDS,phylop_new3utr_first200_median,6.0,2.3,0.117,
phastcons_new3utr_first200_median,AmountExonsAfter,6.0,1.1,0.249,
CADD_phred,isoform_count,6.0,1.2,0.064,
half_life_PC1,phastcons_ptc_to_ejc_median,6.0,2.3,0.171,
half_life_PC1,cdsseqs_AU_content,5.9,4.0,-0.166,
relativePTClocation,CADD_phred,5.9,5.8,0.203,
threeUTR_UC_content,phylop_new3utr_first200_median,5.8,2.0,0.097,
mut.exon,isoform_count,5.7,3.7,0.209,
phylop_new3utr_first200_median,readthrough_score_hek293t,5.6,1.8,0.045,
AmountExonsAfter,first.100,5.6,0.5,0.076,
first.200,readthrough_score_hek293t,5.6,5.9,0.013,
cdsseqs_AU_content,first.100,5.5,6.5,0.005,
half_life_PC1,phastcons_new3utr_first200_median,5.5,2.3,0.137,
cdsseq_AUcontentlast200,first.200,5.4,5.3,0.025,
cdsseqs_UC_content,CADD_phred,5.1,0.8,0.025,
cdsseqs_AU_content,cdsseq_AUcontentlast200,5.1,1.3,0.842,
relativePTClocation,cdsseqs_AU_content,5.0,2.9,-0.004,
half_life_PC1,phylop_ptc_to_ejc_median,4.9,2.5,0.143,
mut.exon,first.200,4.9,0.5,0.301,
relativePTClocation,phylop_ptc_to_ejc_median,4.7,3.5,-0.177,
AmountExonsAfter,isoform_count,4.7,3.6,0.194,
half_life_PC1,first.200,4.7,3.6,0.06,
relativePTClocation,half_life_PC1,4.7,3.7,-0.035,
cdsseqs_AU_content,phastcons_new3utr_first200_median,4.7,2.3,0.094,
cdsseqs_AU_content,phylop_new3utr_first200_median,4.7,2.1,0.147,
mut.exon,cdsseq_AUcontentlast200,4.5,2.4,-0.056,
half_life_PC1,AmountExonsAfter,4.4,3.3,0.085,
isoform_count,phylop_new3utr_first200_median,4.4,2.8,0.097,
relativePTClocation,phylop_new3utr_first200_median,4.4,2.5,-0.218,
relativePTClocation,phastcons_ptc_to_ejc_median,4.4,4.1,-0.253,
half_life_PC1,first.100,4.4,2.8,0.036,
cdsseqs_AU_content,phastcons_ptc_to_ejc_median,4.3,2.4,0.09,
log2_CDS,first.100,4.2,4.0,0.188,
last.EJC,AmountExonsAfter,4.2,2.9,0.442,
mut.exon,first.100,4.2,3.9,0.212,
phastcons_new3utr_first200_median,isoform_count,4.0,2.7,0.133,
AmountExonsAfter,first.200,3.9,6.2,0.075,
mut.exon,AmountExonsAfter,3.9,2.3,0.034,
phylop_ptc_to_ejc_median,CADD_phred,3.9,1.1,0.3,
phastcons_new3utr_first200_median,first.200,3.9,2.0,0.022,
cdsseq_AUcontentlast200,phastcons_ptc_to_ejc_median,3.8,1.8,0.046,
AmountExonsAfter,cdsseqs_UC_content,3.8,1.5,-0.008,
mut.exon,phylop_ptc_to_ejc_median,3.7,2.2,0.064,
log2_CDS,phastcons_ptc_to_ejc_median,3.7,0.7,0.133,
relativePTClocation,phastcons_new3utr_first200_median,3.6,2.4,-0.241,
first.200,phylop_new3utr_first200_median,3.5,2.6,0.011,
CADD_phred,first.100,3.5,1.0,0.087,
mut.exon,CADD_phred,3.4,1.7,0.279,
isoform_count,phastcons_ptc_to_ejc_median,3.3,0.0,0.158,
cdsseqs_AU_content,phylop_ptc_to_ejc_median,3.2,1.5,0.142,
AmountExonsAfter,CADD_phred,3.2,1.6,-0.012,
phastcons_ptc_to_ejc_median,readthrough_score_hek293t,3.1,1.3,0.038,
AmountExonsAfter,phylop_new3utr_first200_median,3.1,1.5,0.257,
first.200,first.100,3.0,1.9,0.671,
phastcons_new3utr_first200_median,phastcons_ptc_to_ejc_median,3.0,0.0,0.781,LIKELY REDUNDANT (confirmed after retraining)
phylop_ptc_to_ejc_median,cdsseq_AUcontentlast200,2.9,0.8,0.082,
phylop_ptc_to_ejc_median,phylop_new3utr_first200_median,2.8,0.3,0.842,LIKELY REDUNDANT (confirmed after retraining)
phylop_ptc_to_ejc_median,first.200,2.8,1.4,0.043,
CADD_phred,phastcons_ptc_to_ejc_median,2.8,0.5,0.277,
MedianExpression_log2,first.200,2.8,1.9,0.009,
cdsseq_AUcontentlast200,phylop_new3utr_first200_median,2.7,1.3,0.085,
cdsseq_AUcontentlast200,first.100,2.5,3.0,0.004,
mut.exon,phastcons_ptc_to_ejc_median,2.5,0.6,0.057,
phastcons_new3utr_first200_median,CADD_phred,2.5,0.7,0.269,
first.100,readthrough_score_hek293t,2.4,1.1,0.015,
mut.exon,phylop_new3utr_first200_median,2.4,0.9,0.049,
AmountExonsAfter,cdsseq_AUcontentlast200,2.4,2.2,-0.022,
first.200,threeUTR_UC_content,2.3,1.1,0.073,
mut.exon,phastcons_new3utr_first200_median,2.2,1.2,0.038,
phylop_new3utr_first200_median,phastcons_ptc_to_ejc_median,2.1,0.3,0.644,
first.100,threeUTR_UC_content,2.0,0.5,0.045,
phylop_ptc_to_ejc_median,first.100,1.9,0.9,0.047,
phastcons_new3utr_first200_median,first.100,1.9,1.5,0.001,
CADD_phred,phylop_new3utr_first200_median,1.9,0.5,0.242,
phylop_ptc_to_ejc_median,AmountExonsAfter,1.9,0.7,0.249,
phylop_ptc_to_ejc_median,phastcons_ptc_to_ejc_median,1.8,0.0,0.724,LIKELY REDUNDANT (confirmed after retraining)
first.100,isoform_count,1.6,1.2,0.043,
phastcons_new3utr_first200_median,phylop_new3utr_first200_median,1.6,0.1,0.707,LIKELY REDUNDANT (confirmed after retraining)
phastcons_new3utr_first200_median,cdsseq_AUcontentlast200,1.5,1.4,0.048,
first.200,isoform_count,1.4,1.1,0.078,
phastcons_new3utr_first200_median,phylop_ptc_to_ejc_median,1.4,0.4,0.621,
first.100,phylop_new3utr_first200_median,1.0,1.3,0.017,
first.200,CADD_phred,1.0,0.6,0.121,
first.100,phastcons_ptc_to_ejc_median,0.6,0.5,0.004,
first.200,phastcons_ptc_to_ejc_median,0.6,1.0,0.021,
