feature_a,feature_b,mean_interaction,interaction_fold_std,pct_of_main_a,pct_of_main_b,verdict,correlation_section2,redundancy_flag
last.EJC,cdsseqs_AU_content,0.02560136672625067,0.00041,4.5,15.8,meaningful interaction (complementary),0.017,
last.EJC,MedianExpression_log2,0.0255637766757145,0.00027,4.5,128.0,meaningful interaction (complementary),0.071,
last.EJC,half_life_PC1,0.017737691918021662,0.00051,3.1,10.9,moderate interaction,0.207,
last.EJC,relativePTClocation,0.01761456322417923,0.00137,3.1,10.0,moderate interaction,0.539,
last.EJC,log2_CDS,0.017281469031639355,0.00099,3.1,88.9,meaningful interaction (complementary),0.216,
last.EJC,mut.exon,0.017240952951755092,0.00097,3.1,27.2,meaningful interaction (complementary),0.028,
last.EJC,cdsseqs_UC_content,0.009740262612744282,0.00033,1.7,15.0,moderate interaction,0.026,
last.EJC,first.100,0.009244260098182508,0.00138,1.6,32.6,meaningful interaction (complementary),0.117,
last.EJC,first.200,0.008535282023295338,0.00043,1.5,23.1,meaningful interaction (complementary),0.141,
relativePTClocation,MedianExpression_log2,0.008187687139164308,0.00044,4.6,41.0,meaningful interaction (complementary),-0.001,
last.EJC,phastcons_new3utr_first200_median,0.008032069182538869,0.00063,1.4,11.2,moderate interaction,0.479,
half_life_PC1,cdsseqs_AU_content,0.007658219096656446,0.00045,4.7,4.7,weak interaction (near-additive),-0.166,
last.EJC,phylop_ejc_100bp_median,0.006961357317586455,0.00162,1.2,17.4,meaningful interaction (complementary),0.437,
half_life_PC1,log2_CDS,0.0065016430554589826,0.00052,4.0,33.5,meaningful interaction (complementary),-0.163,
relativePTClocation,cdsseqs_AU_content,0.0062754167736480074,0.00019,3.6,3.9,weak interaction (near-additive),-0.004,
last.EJC,phylop_ptc_to_ejc_median,0.0059306606192598985,0.00063,1.0,17.8,meaningful interaction (complementary),0.238,
last.EJC,phylop_new3utr_first200_median,0.005692250812313451,0.00046,1.0,13.2,moderate interaction,0.416,
relativePTClocation,half_life_PC1,0.005102410112336175,0.00028,2.9,3.1,weak interaction (near-additive),-0.035,
relativePTClocation,mut.exon,0.004764292468541857,0.00127,2.7,7.5,moderate interaction,0.49,
last.EJC,isoform_count,0.004651384112150804,0.00037,0.8,17.8,meaningful interaction (complementary),0.152,
last.EJC,phastcons_ejc_100bp_median,0.004529236593615826,0.00167,0.8,9.0,moderate interaction,0.285,
cdsseqs_AU_content,cdsseqs_UC_content,0.004486565580138545,0.00071,2.8,6.9,moderate interaction,-0.413,
phastcons_new3utr_first200_median,MedianExpression_log2,0.004413816179275283,0.00056,6.2,22.1,meaningful interaction (complementary),0.269,
cdsseqs_AU_content,log2_CDS,0.0043919513975299845,0.00038,2.7,22.6,meaningful interaction (complementary),0.012,
cdsseqs_AU_content,MedianExpression_log2,0.004068587618757714,0.00038,2.5,20.4,meaningful interaction (complementary),-0.133,
cdsseqs_UC_content,phastcons_new3utr_first200_median,0.0039803405979608394,0.00017,6.1,5.6,moderate interaction,-0.014,
relativePTClocation,cdsseqs_UC_content,0.003922191767356803,0.00013,2.2,6.0,moderate interaction,-0.005,
half_life_PC1,MedianExpression_log2,0.00376857310048591,0.00072,2.3,18.9,meaningful interaction (complementary),0.323,
relativePTClocation,log2_CDS,0.0037148206391072877,0.00018,2.1,19.1,meaningful interaction (complementary),0.052,
cdsseqs_AU_content,first.200,0.003623965467704594,7e-05,2.2,9.8,moderate interaction,0.012,
cdsseqs_UC_content,phastcons_ejc_100bp_median,0.0035253078202861676,0.00017,5.4,7.0,moderate interaction,-0.094,
cdsseqs_AU_content,mut.exon,0.0033946065979846398,0.00013,2.1,5.4,moderate interaction,0.021,
half_life_PC1,CADD_phred,0.003221348534052728,0.00015,2.0,7.5,moderate interaction,0.121,
last.EJC,CodonOptimalityFraction_CDS,0.003165020000299368,0.00022,0.6,9.7,moderate interaction,0.052,
last.EJC,CADD_phred,0.0030575148513745467,0.00044,0.5,7.1,moderate interaction,0.107,
relativePTClocation,AmountExonsAfter,0.0029110903160078382,0.00041,1.6,4.9,weak interaction (near-additive),-0.534,
MedianExpression_log2,phylop_new3utr_first200_median,0.0027754942855672047,0.00037,13.9,6.4,moderate interaction,0.268,
mut.exon,cdsseqs_UC_content,0.0025846130687469005,0.00019,4.1,4.0,weak interaction (near-additive),-0.037,
MedianExpression_log2,phylop_ejc_100bp_median,0.0025518241244135227,0.00019,12.8,6.4,moderate interaction,0.185,
CodonOptimalityFraction_CDS,phylop_ejc_100bp_median,0.0025183785274689326,0.00021,7.7,6.3,moderate interaction,-0.143,
half_life_PC1,mut.exon,0.002469658474316289,7e-05,1.5,3.9,weak interaction (near-additive),0.033,
half_life_PC1,cdsseqs_UC_content,0.0024234647370660277,0.0005,1.5,3.7,weak interaction (near-additive),0.143,
last.EJC,threeUTR_UC_content,0.0023525759369562656,0.00097,0.4,8.5,moderate interaction,0.102,
MedianExpression_log2,phastcons_ejc_100bp_median,0.0023362314303341483,0.00044,11.7,4.6,moderate interaction,0.135,
relativePTClocation,CADD_phred,0.0023361002297350485,0.00023,1.3,5.4,moderate interaction,0.203,
relativePTClocation,phastcons_new3utr_first200_median,0.0022951219382119623,0.00027,1.3,3.2,weak interaction (near-additive),-0.241,
cdsseqs_UC_content,first.200,0.0022770616204469303,0.0001,3.5,6.2,moderate interaction,0.011,
MedianExpression_log2,log2_CDS,0.002235451022228669,0.00018,11.2,11.5,moderate interaction,-0.034,
half_life_PC1,AmountExonsAfter,0.002211944928120049,0.00013,1.4,3.7,weak interaction (near-additive),0.085,
half_life_PC1,CodonOptimalityFraction_CDS,0.0021989610287554496,0.00035,1.4,6.8,moderate interaction,0.2,
cdsseqs_AU_content,AmountExonsAfter,0.002128768288839079,0.0001,1.3,3.6,weak interaction (near-additive),0.02,
half_life_PC1,threeUTR_UC_content,0.0021113909396488716,0.00027,1.3,7.7,moderate interaction,0.058,
AmountExonsAfter,MedianExpression_log2,0.002022219236485939,0.00018,3.4,10.1,moderate interaction,0.036,
first.200,CodonOptimalityFraction_CDS,0.00201317275477935,9e-05,5.4,6.2,moderate interaction,0.007,
mut.exon,MedianExpression_log2,0.002010715410129718,0.00013,3.2,10.1,moderate interaction,0.021,
cdsseqs_AU_content,first.100,0.001971354601109968,0.00011,1.2,6.9,moderate interaction,0.005,
cdsseqs_AU_content,CodonOptimalityFraction_CDS,0.001962107571015086,0.00049,1.2,6.0,moderate interaction,-0.674,
half_life_PC1,phastcons_new3utr_first200_median,0.001940106980397502,0.00018,1.2,2.7,weak interaction (near-additive),0.137,
relativePTClocation,phylop_ptc_to_ejc_median,0.001776381752602887,0.00027,1.0,5.3,moderate interaction,-0.035,
cdsseqs_UC_content,log2_CDS,0.0017690931774280712,0.00011,2.7,9.1,moderate interaction,-0.027,
cdsseqs_AU_content,isoform_count,0.0017653587552898284,0.00024,1.1,6.8,moderate interaction,-0.065,
mut.exon,AmountExonsAfter,0.0017449941385877575,0.00035,2.8,3.0,weak interaction (near-additive),0.034,
mut.exon,log2_CDS,0.0017428871929361768,0.00024,2.8,9.0,moderate interaction,0.594,
phastcons_ejc_100bp_median,CodonOptimalityFraction_CDS,0.0017420435588176492,0.00018,3.5,5.4,moderate interaction,-0.175,
half_life_PC1,isoform_count,0.0017285276683812359,0.00018,1.1,6.6,moderate interaction,0.188,
cdsseqs_AU_content,phastcons_new3utr_first200_median,0.0016942558336331627,8e-05,1.0,2.4,weak interaction (near-additive),0.094,
cdsseqs_UC_content,CodonOptimalityFraction_CDS,0.0016713747127056569,0.0003,2.6,5.1,moderate interaction,0.139,
cdsseqs_UC_content,phylop_new3utr_first200_median,0.0016382118388267592,0.0001,2.5,3.8,weak interaction (near-additive),-0.049,
MedianExpression_log2,first.100,0.0016320665049100282,0.00012,8.2,5.7,moderate interaction,0.006,
AmountExonsAfter,CodonOptimalityFraction_CDS,0.001596080010304617,0.00012,2.7,4.9,weak interaction (near-additive),0.039,
relativePTClocation,phastcons_ejc_100bp_median,0.0015447623904080016,0.00039,0.9,3.1,weak interaction (near-additive),-0.151,
half_life_PC1,phylop_ptc_to_ejc_median,0.0015189767975893837,8e-05,0.9,4.6,weak interaction (near-additive),0.121,
cdsseqs_AU_content,phylop_ejc_100bp_median,0.0014857867558549986,0.00017,0.9,3.7,weak interaction (near-additive),0.237,
cdsseqs_UC_content,phylop_ejc_100bp_median,0.0014849476924409467,4e-05,2.3,3.7,weak interaction (near-additive),-0.075,
AmountExonsAfter,first.200,0.0014278689872302634,0.00031,2.4,3.9,weak interaction (near-additive),0.075,
half_life_PC1,first.200,0.0014061328467807983,0.00012,0.9,3.8,weak interaction (near-additive),0.06,
half_life_PC1,phylop_new3utr_first200_median,0.0014059837761617195,7e-05,0.9,3.3,weak interaction (near-additive),0.107,
last.EJC,AmountExonsAfter,0.0013929858846127078,0.00041,0.2,2.4,weak interaction (near-additive),0.442,
MedianExpression_log2,isoform_count,0.001390827963087514,0.00018,7.0,5.3,moderate interaction,0.215,
half_life_PC1,phylop_ejc_100bp_median,0.0013799257242693734,0.00017,0.8,3.5,weak interaction (near-additive),0.071,
cdsseqs_AU_content,CADD_phred,0.0013670658409124258,0.00012,0.8,3.2,weak interaction (near-additive),-0.046,
relativePTClocation,first.200,0.0013493652247445855,0.0005,0.8,3.6,weak interaction (near-additive),0.537,
cdsseqs_UC_content,AmountExonsAfter,0.0013299786157884963,0.00013,2.0,2.3,weak interaction (near-additive),-0.008,
mut.exon,CodonOptimalityFraction_CDS,0.0013168424555265042,0.00015,2.1,4.0,weak interaction (near-additive),0.043,
log2_CDS,threeUTR_UC_content,0.001287241767721856,0.00032,6.6,4.7,moderate interaction,0.087,
log2_CDS,CodonOptimalityFraction_CDS,0.0012491369571128624,0.00011,6.4,3.8,moderate interaction,0.019,
MedianExpression_log2,CodonOptimalityFraction_CDS,0.0012370039339317943,0.00019,6.2,3.8,moderate interaction,0.144,
relativePTClocation,isoform_count,0.0012362356368796146,0.00013,0.7,4.7,weak interaction (near-additive),-0.009,
first.200,log2_CDS,0.0012333797637708885,0.00014,3.3,6.3,moderate interaction,0.299,
mut.exon,first.100,0.0012288597127682718,0.00043,1.9,4.3,weak interaction (near-additive),0.212,
relativePTClocation,phylop_new3utr_first200_median,0.0012262280512364704,0.00018,0.7,2.8,weak interaction (near-additive),-0.218,
cdsseqs_AU_content,phylop_new3utr_first200_median,0.001223800070945594,8e-05,0.8,2.8,weak interaction (near-additive),0.147,
CodonOptimalityFraction_CDS,isoform_count,0.001184907728491608,0.00018,3.6,4.5,weak interaction (near-additive),0.089,
log2_CDS,phylop_ptc_to_ejc_median,0.001172443864658535,5e-05,6.0,3.5,moderate interaction,0.071,
AmountExonsAfter,log2_CDS,0.001151724803196528,0.00024,2.0,5.9,moderate interaction,0.51,
cdsseqs_UC_content,phylop_ptc_to_ejc_median,0.0011389412035414015,0.00015,1.8,3.4,weak interaction (near-additive),-0.062,
MedianExpression_log2,phylop_ptc_to_ejc_median,0.0011207657634408525,0.00017,5.6,3.4,moderate interaction,0.285,
MedianExpression_log2,CADD_phred,0.0011150700976124113,0.00019,5.6,2.6,moderate interaction,0.143,
mut.exon,isoform_count,0.0011024078334854006,0.0002,1.7,4.2,weak interaction (near-additive),0.209,
relativePTClocation,threeUTR_UC_content,0.0010935034283468144,5e-05,0.6,4.0,weak interaction (near-additive),0.014,
half_life_PC1,phastcons_ejc_100bp_median,0.0010836721376875794,7e-05,0.7,2.1,weak interaction (near-additive),0.007,
cdsseqs_AU_content,phylop_ptc_to_ejc_median,0.0010792761173283396,0.00011,0.7,3.2,weak interaction (near-additive),0.151,
cdsseqs_AU_content,phastcons_ejc_100bp_median,0.0010756939785415258,0.00023,0.7,2.1,weak interaction (near-additive),0.245,
cdsseqs_UC_content,MedianExpression_log2,0.0010680270719090256,9e-05,1.6,5.3,moderate interaction,-0.064,
mut.exon,phastcons_ejc_100bp_median,0.0010646138865670874,0.00017,1.7,2.1,weak interaction (near-additive),0.005,
mut.exon,CADD_phred,0.001057178980590615,0.00019,1.7,2.5,weak interaction (near-additive),0.279,
cdsseqs_AU_content,threeUTR_UC_content,0.0010503452802891578,0.00015,0.6,3.8,weak interaction (near-additive),-0.067,
cdsseqs_UC_content,first.100,0.0010383667086292206,0.00013,1.6,3.7,weak interaction (near-additive),0.01,
relativePTClocation,first.100,0.0010283105755502688,0.00041,0.6,3.6,weak interaction (near-additive),0.42,
log2_CDS,first.100,0.0010098405475337593,0.00016,5.2,3.6,moderate interaction,0.188,
relativePTClocation,CodonOptimalityFraction_CDS,0.0010067412964191824,8e-05,0.6,3.1,weak interaction (near-additive),-0.01,
phastcons_new3utr_first200_median,AmountExonsAfter,0.0009615604983825004,0.00017,1.3,1.6,weak interaction (near-additive),0.249,
mut.exon,threeUTR_UC_content,0.0009592668136997485,0.00021,1.5,3.5,weak interaction (near-additive),0.026,
phastcons_new3utr_first200_median,first.200,0.0009257845386619094,4e-05,1.3,2.5,weak interaction (near-additive),0.022,
log2_CDS,isoform_count,0.0008751101057826003,0.00015,4.5,3.4,weak interaction (near-additive),0.226,
first.200,phylop_new3utr_first200_median,0.0008477917780359717,0.00012,2.3,2.0,weak interaction (near-additive),0.011,
isoform_count,phylop_ptc_to_ejc_median,0.0008349501927312649,0.00013,3.2,2.5,weak interaction (near-additive),0.092,
MedianExpression_log2,threeUTR_UC_content,0.0008283893571084686,8e-05,4.1,3.0,weak interaction (near-additive),0.185,
cdsseqs_UC_content,threeUTR_UC_content,0.0008276933788622781,9e-05,1.3,3.0,weak interaction (near-additive),-0.053,
phastcons_ejc_100bp_median,threeUTR_UC_content,0.0008220917171495166,8e-05,1.6,3.0,weak interaction (near-additive),0.046,
phastcons_new3utr_first200_median,threeUTR_UC_content,0.0007822942019220246,0.00012,1.1,2.8,weak interaction (near-additive),0.107,
relativePTClocation,phylop_ejc_100bp_median,0.0007811631532067782,0.00037,0.4,2.0,weak interaction (near-additive),-0.212,
AmountExonsAfter,CADD_phred,0.0007800849253630809,0.0001,1.3,1.8,weak interaction (near-additive),-0.012,
CADD_phred,CodonOptimalityFraction_CDS,0.0007772543476017161,0.0001,1.8,2.4,weak interaction (near-additive),0.074,
AmountExonsAfter,threeUTR_UC_content,0.0007768025876124715,0.00023,1.3,2.8,weak interaction (near-additive),0.027,
AmountExonsAfter,isoform_count,0.000776322152518186,8e-05,1.3,3.0,weak interaction (near-additive),0.194,
phastcons_new3utr_first200_median,phylop_ptc_to_ejc_median,0.0007521840497767441,0.00073,1.0,2.3,weak interaction (near-additive),0.582,
phastcons_new3utr_first200_median,log2_CDS,0.0007254352662918521,0.00019,1.0,3.7,weak interaction (near-additive),0.1,
phylop_new3utr_first200_median,isoform_count,0.0007235565417559122,9e-05,1.7,2.8,weak interaction (near-additive),0.097,
mut.exon,phylop_ptc_to_ejc_median,0.0007167172244105711,0.00018,1.1,2.2,weak interaction (near-additive),0.096,
phastcons_ejc_100bp_median,log2_CDS,0.0007102222151201765,7e-05,1.4,3.7,weak interaction (near-additive),0.088,
log2_CDS,phylop_ejc_100bp_median,0.000655973862618537,9e-05,3.4,1.6,weak interaction (near-additive),0.136,
AmountExonsAfter,phylop_ptc_to_ejc_median,0.0006553630021251366,0.00012,1.1,2.0,weak interaction (near-additive),0.156,
AmountExonsAfter,phylop_ejc_100bp_median,0.0006488136067377169,0.0006,1.1,1.6,weak interaction (near-additive),0.24,
phastcons_new3utr_first200_median,CodonOptimalityFraction_CDS,0.0006418578428674567,6e-05,0.9,2.0,weak interaction (near-additive),0.009,
CADD_phred,phylop_ejc_100bp_median,0.0006242802671613487,0.00013,1.4,1.6,weak interaction (near-additive),0.142,
log2_CDS,phylop_new3utr_first200_median,0.0006222237914597611,0.0002,3.2,1.4,weak interaction (near-additive),0.117,
MedianExpression_log2,first.200,0.0006212118989043049,0.00012,3.1,1.7,weak interaction (near-additive),0.009,
cdsseqs_UC_content,isoform_count,0.0006172835805953129,0.00012,0.9,2.4,weak interaction (near-additive),0.046,
half_life_PC1,first.100,0.0006077521050382174,6e-05,0.4,2.1,weak interaction (near-additive),0.036,
cdsseqs_UC_content,CADD_phred,0.0006066199257351532,6e-05,0.9,1.4,weak interaction (near-additive),0.025,
mut.exon,phastcons_new3utr_first200_median,0.000596063269760142,0.00011,0.9,0.8,weak interaction (near-additive),0.038,
mut.exon,phylop_new3utr_first200_median,0.0005954325309149121,6e-05,0.9,1.4,weak interaction (near-additive),0.049,
first.200,phylop_ejc_100bp_median,0.000584300030865407,3e-05,1.6,1.5,weak interaction (near-additive),0.005,
phastcons_ejc_100bp_median,phylop_ptc_to_ejc_median,0.000577695092604178,0.00023,1.1,1.7,weak interaction (near-additive),0.464,
CADD_phred,phylop_new3utr_first200_median,0.0005770348390667294,8e-05,1.3,1.3,weak interaction (near-additive),0.242,
CADD_phred,threeUTR_UC_content,0.0005629810007025726,8e-05,1.3,2.0,weak interaction (near-additive),0.072,
phastcons_new3utr_first200_median,isoform_count,0.0005604670777518925,5e-05,0.8,2.1,weak interaction (near-additive),0.133,
phylop_ejc_100bp_median,isoform_count,0.0005584523035527145,1e-05,1.4,2.1,weak interaction (near-additive),0.098,
CADD_phred,phylop_ptc_to_ejc_median,0.0005526436472242129,0.00024,1.3,1.7,weak interaction (near-additive),0.342,
mut.exon,phylop_ejc_100bp_median,0.0005404113560536865,4e-05,0.9,1.4,weak interaction (near-additive),0.045,
CodonOptimalityFraction_CDS,threeUTR_UC_content,0.0005381504626008599,9e-05,1.7,2.0,weak interaction (near-additive),0.084,
phastcons_new3utr_first200_median,phastcons_ejc_100bp_median,0.0005314160931898523,0.00032,0.7,1.1,weak interaction (near-additive),0.369,
phastcons_ejc_100bp_median,isoform_count,0.0005200565711217628,5e-05,1.0,2.0,weak interaction (near-additive),0.047,
phastcons_new3utr_first200_median,phylop_ejc_100bp_median,0.0005121896231188656,0.00049,0.7,1.3,weak interaction (near-additive),0.532,
phastcons_new3utr_first200_median,CADD_phred,0.0004984615721566019,0.0001,0.7,1.2,weak interaction (near-additive),0.269,
CADD_phred,phastcons_ejc_100bp_median,0.0004970672265108327,3e-05,1.2,1.0,weak interaction (near-additive),0.071,
phylop_new3utr_first200_median,threeUTR_UC_content,0.00048512121237408526,4e-05,1.1,1.8,weak interaction (near-additive),0.097,
first.200,phylop_ptc_to_ejc_median,0.00048424243060976086,0.00014,1.3,1.5,weak interaction (near-additive),0.085,
phylop_ejc_100bp_median,phylop_ptc_to_ejc_median,0.00047740103218189806,0.00016,1.2,1.4,weak interaction (near-additive),0.556,
CADD_phred,first.100,0.00046334492412609935,0.00013,1.1,1.6,weak interaction (near-additive),0.087,
phylop_new3utr_first200_median,first.100,0.00046060152460882523,0.00012,1.1,1.6,weak interaction (near-additive),0.017,
threeUTR_UC_content,isoform_count,0.0004449358436868587,5e-05,1.6,1.7,weak interaction (near-additive),0.078,
CADD_phred,isoform_count,0.0004393631397359697,8e-05,1.0,1.7,weak interaction (near-additive),0.064,
CADD_phred,log2_CDS,0.00042325048208699133,8e-05,1.0,2.2,weak interaction (near-additive),0.102,
phylop_new3utr_first200_median,CodonOptimalityFraction_CDS,0.0003848532991921451,4e-05,0.9,1.2,weak interaction (near-additive),-0.019,
phastcons_ejc_100bp_median,phylop_ejc_100bp_median,0.00038064250238470355,0.00047,0.8,1.0,weak interaction (near-additive),0.788,"LIKELY REDUNDANT (high corr, low interaction)"
mut.exon,first.200,0.0003651249036369191,0.00025,0.6,1.0,weak interaction (near-additive),0.301,
CADD_phred,first.200,0.0003622134448507892,7e-05,0.8,1.0,weak interaction (near-additive),0.121,
threeUTR_UC_content,phylop_ptc_to_ejc_median,0.0003531826031374392,5e-05,1.3,1.1,weak interaction (near-additive),0.109,
phylop_ejc_100bp_median,threeUTR_UC_content,0.00034774990892821954,6e-05,0.9,1.3,weak interaction (near-additive),0.068,
AmountExonsAfter,phylop_new3utr_first200_median,0.0003422114494741164,5e-05,0.6,0.8,weak interaction (near-additive),0.257,
first.200,isoform_count,0.00029946089047777944,5e-05,0.8,1.1,weak interaction (near-additive),0.078,
phastcons_ejc_100bp_median,phylop_new3utr_first200_median,0.0002989849016916693,0.00011,0.6,0.7,weak interaction (near-additive),0.5,
phastcons_ejc_100bp_median,first.200,0.000285010560184571,1e-05,0.6,0.8,weak interaction (near-additive),0.01,
first.100,phylop_ptc_to_ejc_median,0.00028460671586532884,0.00011,1.0,0.9,weak interaction (near-additive),0.079,
phylop_new3utr_first200_median,phylop_ptc_to_ejc_median,0.00028306117874306254,4e-05,0.7,0.9,weak interaction (near-additive),0.805,"LIKELY REDUNDANT (high corr, low interaction)"
first.200,threeUTR_UC_content,0.00027685747376422407,9e-05,0.7,1.0,weak interaction (near-additive),0.073,
phastcons_new3utr_first200_median,first.100,0.000275687896944938,2e-05,0.4,1.0,weak interaction (near-additive),0.001,
CodonOptimalityFraction_CDS,phylop_ptc_to_ejc_median,0.00024309778407921075,5e-05,0.7,0.7,weak interaction (near-additive),-0.019,
phylop_ejc_100bp_median,first.100,0.00023761411442635506,2e-05,0.6,0.8,weak interaction (near-additive),0.008,
first.100,threeUTR_UC_content,0.00017473278994209506,2e-05,0.6,0.6,weak interaction (near-additive),0.045,
CodonOptimalityFraction_CDS,first.100,0.00015227853595529007,2e-05,0.5,0.5,weak interaction (near-additive),0.011,
AmountExonsAfter,first.100,0.00013278909467468326,0.00019,0.2,0.5,weak interaction (near-additive),0.076,
first.100,isoform_count,0.0001279178874813446,1e-05,0.5,0.5,weak interaction (near-additive),0.043,
phastcons_ejc_100bp_median,first.100,0.00012234411726269218,1e-05,0.2,0.4,weak interaction (near-additive),0.003,
phylop_new3utr_first200_median,phylop_ejc_100bp_median,4.3871337153184034e-05,2e-05,0.1,0.1,weak interaction (near-additive),0.608,
AmountExonsAfter,phastcons_ejc_100bp_median,1.52228478758884e-05,0.0,0.0,0.0,weak interaction (near-additive),0.164,
phastcons_new3utr_first200_median,phylop_new3utr_first200_median,0.0,0.0,0.0,0.0,weak interaction (near-additive),0.707,"LIKELY REDUNDANT (high corr, low interaction)"
first.200,first.100,0.0,0.0,0.0,0.0,weak interaction (near-additive),0.671,
