variant,n_features,features,oof_auc,delta_vs_shipped
core_8_shipped,8,"['last.EJC', 'relativePTClocation', 'half_life_PC1', 'cdsseqs_AU_content', 'mut.exon', 'cdsseqs_UC_content', 'phastcons_new3utr_first200_median', 'MedianExpression_log2']",0.7753773412038953,0.0
original_10_retrained,10,"['last.EJC', 'relativePTClocation', 'half_life_PC1', 'cdsseqs_AU_content', 'mut.exon', 'phastcons_new3utr_first200_median', 'phylop_ptc_to_ejc_median', 'AmountExonsAfter', 'cdsseq_AUcontentlast200', 'cdsseqs_UC_content']",0.7738079785208122,-0.0015693626830831642
core_8_plus_AmountExonsAfter,9,"['last.EJC', 'relativePTClocation', 'half_life_PC1', 'cdsseqs_AU_content', 'mut.exon', 'cdsseqs_UC_content', 'phastcons_new3utr_first200_median', 'MedianExpression_log2', 'AmountExonsAfter']",0.7770113620199104,0.0016340208160150471
global_top8_no_LOFO,8,"['last.EJC', 'relativePTClocation', 'half_life_PC1', 'cdsseqs_AU_content', 'mut.exon', 'cdsseqs_UC_content', 'phastcons_new3utr_first200_median', 'AmountExonsAfter']",0.7739760286681961,-0.0014013125356991951
global_top10_no_LOFO,10,"['last.EJC', 'relativePTClocation', 'half_life_PC1', 'cdsseqs_AU_content', 'mut.exon', 'cdsseqs_UC_content', 'phastcons_new3utr_first200_median', 'AmountExonsAfter', 'MedianExpression_log2', 'CADD_phred']",0.7767318070923385,0.0013544658884431238
core_minus_UCcontent_N7,7,"['last.EJC', 'relativePTClocation', 'half_life_PC1', 'cdsseqs_AU_content', 'mut.exon', 'phastcons_new3utr_first200_median', 'MedianExpression_log2']",0.7757757816985277,0.000398440494632335
core_minus_AUcontent_N7,7,"['last.EJC', 'relativePTClocation', 'half_life_PC1', 'mut.exon', 'cdsseqs_UC_content', 'phastcons_new3utr_first200_median', 'MedianExpression_log2']",0.7657656657506358,-0.009611675453259583
core_minus_expression_N7,7,"['last.EJC', 'relativePTClocation', 'half_life_PC1', 'cdsseqs_AU_content', 'mut.exon', 'cdsseqs_UC_content', 'phastcons_new3utr_first200_median']",0.773265399188333,-0.002111942015562307
core_minus_phastcons_N7,7,"['last.EJC', 'relativePTClocation', 'half_life_PC1', 'cdsseqs_AU_content', 'mut.exon', 'cdsseqs_UC_content', 'MedianExpression_log2']",0.7749593202746677,-0.0004180209292276027
