variant,auc,auc_ci_lo,auc_ci_hi,delta_vs_shipped,delta_ci_lo,delta_ci_hi,ci_excludes_zero,n_valid_draws,n_features,group
core_minus_UCcontent_N7,0.7757757816985277,0.7625132871694218,0.7887433485332053,0.000398440494632335,-0.002190328459649973,0.003091526830633667,False,1000,7.0,exploratory
core_minus_phastcons_N7,0.7749593202746677,0.761504807127551,0.7880226431553025,-0.0004180209292276027,-0.0027674260970316934,0.00184445770152254,False,1000,7.0,exploratory
core_minus_expression_N7,0.773265399188333,0.7594571226343229,0.7864222626582957,-0.002111942015562307,-0.004872415033528576,0.0006623585970406075,False,1000,7.0,exploratory
core_minus_AUcontent_N7,0.7657656657506358,0.7519669330417853,0.7798657200444864,-0.009611675453259583,-0.014340612187363882,-0.004503476747811589,True,1000,7.0,exploratory
truncat_full_model,0.7772876230425971,0.7638238472205985,0.7900740791713698,0.0019102818387017884,-0.003286065884717054,0.007183671458049276,False,1000,,full model
core_8_plus_AmountExonsAfter,0.7770113620199104,0.7635866658497432,0.7901327453972872,0.0016340208160150471,0.00016303565664030914,0.003132675601047157,True,1000,9.0,primary
global_top10_no_LOFO,0.7767318070923385,0.7631123837428523,0.7896708977869078,0.0013544658884431238,-0.0008510377804892104,0.003629358298454435,False,1000,10.0,primary
global_top8_no_LOFO,0.7739760286681961,0.7600422259725502,0.7868886685942632,-0.0014013125356991951,-0.004408299628963621,0.0017901728597204318,False,1000,8.0,primary
original_10_retrained,0.7738079785208122,0.7602491794550499,0.7866490426985425,-0.0015693626830831642,-0.00477706954966439,0.0018541349708527995,False,1000,10.0,primary
core_8_shipped,0.7753773412038953,0.7620519478619231,0.7885162509932675,0.0,0.0,0.0,False,1000,8.0,reference
