feature,lofo_appearance_count,lofo_stability_frac,in_global_top10,in_original_10,in_prev_shipped_8,unanimous_stable
MedianExpression_log2,5,1.0,True,False,False,True
cdsseqs_AU_content,5,1.0,True,True,True,True
cdsseqs_UC_content,5,1.0,True,True,False,True
half_life_PC1,5,1.0,True,True,True,True
last.EJC,5,1.0,True,True,True,True
mut.exon,5,1.0,True,True,True,True
phastcons_new3utr_first200_median,5,1.0,True,True,True,True
relativePTClocation,5,1.0,True,True,True,True
AmountExonsAfter,4,0.8,True,True,True,False
phastcons_ejc_100bp_median,4,0.8,False,False,False,False
CADD_phred,2,0.4,True,False,False,False
